position,skills,experience,company_name,job_locations,education,job_type,workplace,vacancies,salary,posted_date,deadline,source,job_url
IT Systems & Data Specialist (US Hours / Night Shift),Cloud Computing; Data analysis; MySQL; Python,2 to 5 years The applicants should have experience in the following business area(s): IT Enabled Service,A Renowned Company,Sylhet,"Bachelor of Science (BSc) in Computer Science Bachelor of Science (BSc) in Data Science Bachelor’s/Master’s degree in CSE, Computer Science, Data Science, Statistics, Business Analytics, Mathematics, ",FullTime,,1,Negotiable,2026-09-23,2026-10-23,bdjobs.com,https://bdjobs.com/h/details/1537213
Data Management Officer,Computer Science; Engineering; Data Science; SQLite; Firebase; PostgreSQL; Azure,"3 to 5 years The applicants should have experience in the following business area(s): Govt./ Semi Govt./ Autonomous body, Development Agency",The Bangladesh Red Crescent Society,Dhaka,Bachelor of Science (BSc) in Information Technology Bachelor of Science (BSc) in Information Management Master of Science (MSc) in Information Technology A bachelor’s degree on technical discipline wi,Contract,,1,Tk. 80000 (Monthly),2026-09-23,2026-09-28,bdjobs.com,https://bdjobs.com/h/details/1537277
Associate Executive/ Executive (System Engineer) - IT,Backup Storage System; Cloud Computing; Hardware & Networking; Infrastructure Development; IT Infrastructure and Network Implementation; IT System Management; Linux OS,"1 to 3 years The applicants should have experience in the following business area(s): Group of Companies, Plastic/ Polymer Industry, Sanitary ware, Steel, Tiles/Ceramic",AKIJBASHIR GROUP,Dhaka (Banani),Bachelor of Science (BSc) in Computer Science & Engineering Microsoft Certified: Azure Solutions Architect Expert VMware Certified Professional (VCP) ITIL 4 Foundation Red Hat Certified Engineer (RHCE,FullTime,Office,1,Negotiable,2026-09-23,2026-10-02,bdjobs.com,https://bdjobs.com/h/details/1537102
IT Officer,CCNA (Cisco Certified Network Associate); Endpoint Security; Hardware Troubleshooting; ISP; LAN; WAN; Microsoft intune,At least 5 years The applicants should have experience in the following business area(s): Development Agency,The Asia Foundation,Dhaka,Bachelor of Science (BSc) in Information Technology Bachelor of Science (BSc) in Computer Science Diploma in Engineering in Information Technology Diploma in Engineering in Computer Science Bachelor’s,FullTime,,1,--,2026-09-23,2026-10-07,bdjobs.com,https://bdjobs.com/h/details/1537095
Software Engineer,Software Architect; Software Development; Software Engineering; Software Implementation; Python; JavaScript; HTML & CSS; React.js,NA,1 Technologies Ltd,Dhaka,"Masters in Computer Application (MCA) in Computer Science & Engineering, Computer Engineering, Computer Science Bachelor of Computer Application (BCA) in Computer Science & Engineering, Computer Scien",FullTime,Office,10,Negotiable,2026-09-23,2026-10-23,bdjobs.com,https://bdjobs.com/h/details/1536954
Manager/AGM – Information Technology,VMware; Networking; LAN/WAN; CCNA; Firewall; Fortinet; ERP; Hardware; Project Management,10 to 12 years,building technology & ideas ltd.,Dhaka (Gulshan),"Bachelor’s/Master’s degree in Computer Science, CSE, Information Technology, Information Systems, or a related discipline. Professional certifications such as CCNA/CCNP, Fortinet, Microsoft, VMware, I",FullTime,Office,1,Negotiable,2026-09-23,2026-10-23,bdjobs.com,https://bdjobs.com/h/details/1537026
Data Artist- Associate (Morning & Afternoon Shift),Analytical Skill; Data analysis; Microsoft Office; Proficiency in English and Bangla; Data quality assurance; Market Research; Quality Control,NA,Catalyst Solutions,"Chattogram, Dhaka (DOHS Baridhara)","Bachelor of Science (BSc) in Computer Science & Engineering, Electrical & Electronic Engineering, Electronics and Telecommunication Engineering, Statistics, Mathematics",FullTime,Office,10,Tk. 18000 - 25000 (Monthly),2026-09-23,2026-10-23,bdjobs.com,https://bdjobs.com/h/details/1537032
"Mobile Application Developer, IT",Android application development; Dart; Flutter; iOS Application Development; JavaKotlin; MVVM; XML,"At least 4 years The applicants should have experience in the following business area(s): Group of Companies, IT Enabled Service, Manufacturing (FMCG)",Meghna Group of Industries.,Dhaka (Gulshan),"Bachelor of Science (BSc) in Computer Science & Engineering, Computer Science, Information Technology",FullTime,Office,1,Negotiable,2026-09-23,2026-09-30,bdjobs.com,https://bdjobs.com/h/details/1536953
Executive (CRM Online Sales),Digital Marketing (Social Media Marketing); Telemarketing; CRM Management; Telesales,NA,The Software Engineers,Anywhere in Bangladesh,Bachelor of Science (BSc),FullTime,Office,4,Tk. 15000 - 25000 (Monthly),2026-09-23,2026-09-30,bdjobs.com,https://bdjobs.com/h/details/1536982
"Deputy Manager, Sales & Marketing",Sales & Marketing; Negotiation Skill; Target Oriented; Strategic Planning,5 to 8 years The applicants should have experience in the following business area(s): Software Company,The Software Engineers,Anywhere in Bangladesh,Bachelor of Science (BSc),FullTime,Office,2,Tk. 20000 - 35000 (Monthly),2026-09-23,2026-09-30,bdjobs.com,https://bdjobs.com/h/details/1536976
Junior UI/UX Designer,Communication; Figma; Figma to HTML; Fluent in English; patience and flexible; UI; UX Design; Adobe Photoshop; Mockup; SketchUp; UIUX and graphic design,"At most 2 years The applicants should have experience in the following business area(s): Software Company, Logistic/Courier/Air Express Companies Freshers are also encouraged to apply.",Metafour Asia,Dhaka (Uttara Sector 7),Bachelor of Science (BSc) in Computer Science & Engineering UI/UX Related training,FullTime,Office,1,Tk. 25000 - 35000 (Monthly),2026-09-23,2026-10-22,bdjobs.com,https://bdjobs.com/h/details/1536666
Executive Telesales,,At most 2 years,Maktro Electronics Limited,Dhaka,Diploma in Computer Diploma in Engineering Diploma in Electronics,FullTime,Office,3,Tk. 13000 - 20000 (Monthly),2026-09-23,2026-10-15,bdjobs.com,https://bdjobs.com/h/details/1536049
Officer/ Senior Officer - IT,Application Testing; IT Infrastructure; LAN; WAN; Software Installation; Troubleshooting,"1 to 2 years The applicants should have experience in the following business area(s): Chain shop, Retail Store, Super store",Alfamart Trading Bangladesh Ltd.,Gazipur (Tongi),Bachelor of Science (BSc) in Computer Science & Engineering B.Sc. in Computer Science & Engineering from a recognized university. CCNA (Cisco Certified Network Associate) certification will be conside,FullTime,Office,1,Negotiable,2026-09-23,2026-10-15,bdjobs.com,https://bdjobs.com/h/details/1536967
Technical Support Engineer,Computer Engineering; Courier products; Customer Care; Customer Relationship; Customer Service; Empathetic; Fluent in English; International Courier; Proactive and Positive attitude; Relationship Management; Reporting and Documentation; Technical Skill; Troubleshooting,"At most 2 years The applicants should have experience in the following business area(s): Business-to-Business (B2B) Software and Services Startup, IT Enabled Service, Logistic/Courier/Air Express Companies, Software Company Freshers are also encouraged to apply.",Metafour Asia,Dhaka (Uttara Sector 7),Bachelor of Science (BSc) in Computer Science & Engineering,FullTime,Office,2,Tk. 25000 - 35000 (Monthly),2026-09-23,2026-10-22,bdjobs.com,https://bdjobs.com/h/details/1536658
Digital Marketing Executive,Graphic Design; Digital Marketing (Social Media Marketing); Canva; facebook ads; Adobe Photoshop,NA,Smart Distribution (Pvt) Ltd.,Dhaka,"Diploma in Computer Bachelor degree in any discipline Bachelor of Business Administration (BBA) in Marketing Bachelor degree in any discipline Diploma/Degree in Computer Science, Engineering, Business",FullTime,Office,2,Negotiable,2026-09-23,2026-09-30,bdjobs.com,https://bdjobs.com/h/details/1536944
"Web, SEO & AI Specialist",Search Engine Optimization (SEO); Digital Marketing (Social Media Marketing); Facebook marketing; Social Media Management; Artificial intelligence (AI),NA,BIA Group.,Dhaka,"Degree or professional training in IT, Computer Science, Web Development, SEO, Digital Marketing, or a related field is preferred.",FullTime,Office,1,Tk. 15000 - 25000 (Monthly),2026-09-23,2026-10-21,bdjobs.com,https://bdjobs.com/h/details/1536280
টেলি সেলস এক্সিকিউটিভ - পার্ট-টাইম,Communication; IT And Telecom; Sales Development; Telecommunication Service; Telemarketing; Telesales,NA,Edu Organizer,Dhaka (Mirpur 10),HSC শিক্ষাগত যোগ্যতা: HSC / সমমান,PartTime,Office,10,Tk. 10000 - 10000 (Monthly),2026-09-22,2026-09-30,bdjobs.com,https://bdjobs.com/h/details/1536861
"Asst. System Engineer, IT",Access Control; CCTV system; Ips; IT Support Service; Online UPS; PA system; PABX System; Solar Energy System; CCTV Maintaining; Networking; IT System Management,"2 to 5 years The applicants should have experience in the following business area(s): Group of Companies, IT Enabled Service, Power, Solar Energy",On Track Link,Chattogram,"Diploma in Engineering in Electrical & Electronic Engineering, Electronics, Computer Engineering, Computing & Information System, Information Technology Bachelor of Science (BSc) in Electrical & Elect",FullTime,Office,2,Tk. 12000 - 18000 (Monthly),2026-09-22,2026-10-22,bdjobs.com,https://bdjobs.com/h/details/1536803
Executive - IT,Mikrotik; Network Administration; Switches; Routers; End User Support; Docker; Zimbra; MySQL database,"3 to 5 years The applicants should have experience in the following business area(s): IT Enabled Service, Automobile",MRM VENTURES LTD,Dhaka (Aftabnagar),"Bachelor of Science (BSc) in Computer Science & Engineering Bachelor of Science (BSc) in Information Technology Bachelor of Science (BSc) in Computer Science & Engineering, Information Technology Bach",FullTime,,1,Negotiable,2026-09-22,2026-10-22,bdjobs.com,https://bdjobs.com/h/details/1536799
AI & Marketing Intelligence Specialist,AI Intregation; API Development; Artificial intelligence (AI); Business intelligence; CRM software and Microsoft Office Suite.; Reporting Dashboard; Sales Forecasting; Search Engine Optimization (SEO); Digital Marketing; SEO and Digital Marketing; Artificial Intelligence Usage; Data analysis,"At least 2 years The applicants should have experience in the following business area(s): Artificial Intelligence (AI) Startup, Advertising Technology (AdTech) Startup, Software Company",Sunset Kuakata Hotel & Resort PLC,Dhaka (Dhanmondi 27),Bachelor of Science (BSc) in Computer Science Master of Science (MSc) in Data Science,FullTime,,2,Negotiable,2026-09-22,2026-10-22,bdjobs.com,https://bdjobs.com/h/details/1536778
"Executive, IT",CCTV Maintaining; Computer Hardware Maintenance; Database; HR Software; Microsoft Office; Networking; Database management; ERP Software; Hardware Troubleshooting; HRIS; HR Database Management; Installation; Erection; Network Engineering,"2 to 3 years The applicants should have experience in the following business area(s): Furniture Manufacturer, Garments, Group of Companies, Plastic/ Polymer Industry, Real Estate",Tanin Group,Dhaka,Diploma in Computer in Computer Science & Engineering Bachelor of Science (BSc) in Computer Science & Engineering,FullTime,Office,1,Tk. 20000 - 24000 (Monthly),2026-09-22,2026-10-22,bdjobs.com,https://bdjobs.com/h/details/1533945
"Full Stack Developer (PHP, Laravel, ReactJS, SQL and PostgreSQL)",Software Implementation; Debugging; Frontend Development (Web); Git; ReactJS; RESTful API; SQL,At least 3 years The applicants should have experience in the following business area(s): Consulting Firms,EQMS Consulting Limited,Anywhere in Bangladesh,"Bachelor of Science (BSc) in Computer Engineering, Information Technology Master of Science (MSc) in Computer Engineering, Information Technology",FullTime,Office,2,Negotiable,2026-09-22,2026-10-19,bdjobs.com,https://bdjobs.com/h/details/1536736
Senior Executive /Executive (IT),CCNA (Cisco Certified Network Associate); Red Hat; IT System Management,3 to 5 years,Shopno Shohor Properties Limited,Dhaka,"Bachelor of Science (BSc) in Computer Science & Engineering Bachelor of Science (BSc) in Computer Science & Engineering from any reputed public or private university. Training/Trade Course: CCNA, Red ",FullTime,Office,1,--,2026-09-22,2026-10-22,bdjobs.com,https://bdjobs.com/h/details/1536745
QA Engineer (Intern),SQL; Git; Software Testing; JIRA; Agile; Scrum,At most 1 year Freshers are also encouraged to apply.,Tirzok Pvt. Ltd.,Anywhere in Bangladesh,"Bachelor of Science (BSc) in CSE/CSIT, Electrical, Related Field Professional Certification or Training will be given preference.",FullTime,Office,1,Negotiable,2026-09-22,2026-10-05,bdjobs.com,https://bdjobs.com/h/details/1535868
Technical Lead,.NET; ERP Software; Next.js; Oracle; React.js; REST APIs; Software Architect,"At least 10 years The applicants should have experience in the following business area(s): Group of Companies, Manufacturing (FMCG), Textile, IT Enabled Service",Akij Textile Mills Ltd,Dhaka,Bachelor of Science (BSc) in Computer Science & Engineering BSc in CSE from a reputed university,FullTime,Office,1,Negotiable,2026-09-22,2026-10-22,bdjobs.com,https://bdjobs.com/h/details/1536711
Junior Engineer/ Assistant Engineer - Retail & Corporate Support,Client Relationship; Communication; Customer Support; Issue Resolution; Server Configuration; Technical Support; Troubleshooting,1 to 2 years The applicants should have experience in the following business area(s): Telecommunication Freshers are also encouraged to apply.,STARDUST Telecom Ltd. (Concern of Confidence Group),Chattogram,"Bachelor of Science (BSc) in Computer Science & Engineering Bachelor of Science (BSc) in Electrical & Electronic Engineering Diploma/Bachelor’s degree in CSE, EEE, ETE, or ICE or related field.",FullTime,Office,1,Negotiable,2026-09-22,2026-09-28,bdjobs.com,https://bdjobs.com/h/details/1536655
Manager-Project Management,Process Improvement; Project Management; Quality Assurance; Risk Management; Stakeholder Management,"8 to 10 years The applicants should have experience in the following business area(s): ISP, IT Enabled Service",BRACNet Limited,Dhaka,"Bachelor of Science (BSc) in Computer Science & Engineering, Electronics and Telecommunication Engineering Master of Business Administration (MBA)",FullTime,Office,1,Negotiable,2026-09-22,2026-10-22,bdjobs.com,https://bdjobs.com/h/details/1536634
System Engineer,Laptop Servicing; Operating PABX; Printer servicing; Server Management; Troubleshooting; Windows or Linux server administration; VMware; IT Infrastructure,"3 to 5 years The applicants should have experience in the following business area(s): Computer Hardware/Network Companies, IT Enabled Service",International Office Machines Ltd,Dhaka (Kuril),"Bachelor of Science (BSc) in Computer Science Diploma in Computer Professional Certification: CCNA, MTCNA will be preferable",FullTime,Office,2,Negotiable,2026-09-22,2026-10-22,bdjobs.com,https://bdjobs.com/h/details/1536565
Sr. Executive/ Executive -SAP BASIS Administrator,C++; CSS; ERP Software; HTML & CSS; JavaScript; Paython; SQL,"2 to 3 years The applicants should have experience in the following business area(s): Garments, Group of Companies, Textile, IT Enabled Service",Anwar Group of Industries.,Dhaka (Motijheel),Bachelor of Science (BSc) in Computer Science & Engineering,FullTime,Office,1,Negotiable,2026-09-22,2026-10-09,bdjobs.com,https://bdjobs.com/h/details/1536531
Software Engineer (Internship),API Development; Git and Github; HTML5 & CSS3; Java EE; J2EE; Linux System; MySQL database; Spring Framework,NA,DigiCampus Education,Dhaka (Mirpur),Bachelor of Science (BSc) in Computer Science & Engineering B.Sc. in Computer Science & Engineering (CSE) or equivalent discipline. Final-year students are encouraged to apply. Fresh graduates are hig,Intern,Office,1,Tk. 10000 (Monthly),2026-09-22,2026-10-01,bdjobs.com,https://bdjobs.com/h/details/1534518
Website & Online Operations Executive,Digital Marketing,At least 5 years,FlaatBikroy.com Limited,Dhaka,Bachelor of Computer Application (BCA) in Computer Science & Engineering,FullTime,Office,3,Negotiable,2026-09-22,2026-10-20,bdjobs.com,https://bdjobs.com/h/details/1535772
Forensic Audit & AI Specialist- Internal Audit,Artificial intelligence (AI); CyberSecurity; Fraud risk management; Microsoft Power BI; Oracle; Python; SQL; Internal Audit,At least 3 years The applicants should have experience in the following business area(s): Garments,Hirdaramani Bangladesh (Kenpark & Regency),"Chattogram, Chattogram (Chattogram EPZ)","Bachelor of Science (BSc) Master of Science (MSc) Bachelor’s or Master’s degree from a recognised university in Information Systems, Computer Science, Cybersecurity, Accounting, Finance or a related f",FullTime,Office,1,Negotiable,2026-09-22,2026-10-06,bdjobs.com,https://bdjobs.com/h/details/1536516
"Project Officer, Data Analysis & Reporting, Health and Nutrition, HCMP",Data analysis; Field Supervision; Reporting; Risk Mitigation; Safeguarding,"At least 1 year The applicants should have experience in the following business area(s): Development Agency, NGO",BRAC,Cox`s Bazar (Ukhia),"Bachelor in relevant discipline from any reputed university/institute. statistics, computer science will be preferred",Contract,Office,1,Negotiable,2026-09-22,2026-09-27,bdjobs.com,https://bdjobs.com/h/details/1536141
Computer Programmer / Software Engineer,MySQL; JavaScript; Software Development; Python,3 to 5 years The applicants should have experience in the following business area(s): IT Enabled Service,DoPeace Technology Center Ltd.,Rangpur,"Bachelor of Science (BSc) in Computer Engineering Bachelor of Science (BSc) in Computer Science Master of Science (MSc) in Computer Engineering Masters/ Bachelor degree in Computer Science, Computer E",FullTime,Office,1,Tk. 40000 (Monthly),2026-09-21,2026-10-15,bdjobs.com,https://bdjobs.com/h/details/1536497
Senior Developer / Developer,Business intelligence; django; MS SQL Server.; PHP; Python; Software Development; SSRS,"3 to 6 years The applicants should have experience in the following business area(s): IT Enabled Service, Software Company",ZXY International,Dhaka,"Bachelor of Science (BSc) in Computer Science Bachelor of Science (BSc) in Software Engineering Bachelor of Science (BSc) in Information Technology Bachelor’s degree in Computer Science, Software Engi",FullTime,,1,--,2026-09-21,2026-10-10,bdjobs.com,https://bdjobs.com/h/details/1536470
Network Administrator- IT Infrastructure (PO-SPO),Hardware & Networking; IT Infrastructure; Network Engineering; IT System Management; Administration; Virtualization,5 to 8 years The applicants should have experience in the following business area(s): Banks,SHIMANTO BANK PLC,Dhaka,Bachelor of Science (BSc) in Computer Science/Computer Science & Engineering Master of Science (MSc) in Computer Science/Computer Science & Engineering,FullTime,Office,1,Negotiable,2026-09-21,2026-09-28,bdjobs.com,https://bdjobs.com/h/details/1536446
Principal Engineer - Network Infrastructure & Security,AWS; CCNP; Cisco; Fortinet; Google Cloud Platform (GCP); Juniper; LAN; WAN; Microsoft Azure; Python; REST API; Firewall; Firmware; Network Engineering,At least 8 years The applicants should have experience in the following business area(s): Financial Technology (Fintech) Startup,Nagad Limited,Dhaka,Bachelor of Science (BSc) in Computer Science & Engineering Bachelor of Science (BSc) in Information Technology Bachelor of Science (BSc) in Electrical & Electronic Engineering Bachelor of Science (BS,FullTime,Office,1,Negotiable,2026-09-21,2026-10-03,bdjobs.com,https://bdjobs.com/h/details/1535741
Trainee Officer / Officer - IT,Hardware; LAN; WAN; Networking; Troubleshooting; Linux System,1 to 3 years,Kazi Farms Group,Anywhere in Bangladesh,Bachelor of Science (BSc) in Computer Science & Engineering,FullTime,Office,1,Negotiable,2026-09-21,2026-09-29,bdjobs.com,https://bdjobs.com/h/details/1536074
Trainer-Computer Operation (Level 3),Data processing; Computer Networks; Troubleshooting; Trainer,"2 to 3 years The applicants should have experience in the following business area(s): Development Agency, NGO",Bangladesh Labour Foundation (BLF),Anywhere in Bangladesh,Diploma in Computer Bachelor of Science (BSc) in Computer Science Diploma in Computer Bachelor of Science (BSc) in Computer Science Diploma in Computer Engineering or Bachelor`s degree in Computer Sci,FullTime,Office,1,--,2026-09-21,2026-10-05,bdjobs.com,https://bdjobs.com/h/details/1536025
Trainer-Web Design (Level 3),Demonstration; Installation; Erection; IT Support Service; LAN; WAN; Safety Management,"2 to 3 years The applicants should have experience in the following business area(s): Development Agency, NGO",Bangladesh Labour Foundation (BLF),Anywhere in Bangladesh,"Diploma in Computer Bachelor of Science (BSc) Diploma in Computer Engineering or Bachelor’s degree in Computer Science & Engineering (CSE), Information Technology (IT), Multimedia & Web Design, or a r",FullTime,Office,1,--,2026-09-21,2026-10-05,bdjobs.com,https://bdjobs.com/h/details/1536029
Trainer- IT Support Service (Level 3),Electrical Installation and Maintenance; Linux; Maintenance; Network Engineering; Trainer; Troubleshooting,"2 to 3 years The applicants should have experience in the following business area(s): Development Agency, NGO",Bangladesh Labour Foundation (BLF),Anywhere in Bangladesh,"Diploma in Computer Bachelor of Science (BSc) Diploma in Computer Engineering / Bachelor’s degree in Computer Science & Engineering (CSE), Information Technology (IT), or a related discipline.",FullTime,Office,1,--,2026-09-21,2026-10-05,bdjobs.com,https://bdjobs.com/h/details/1536030
Associate Manager - Manager (PO - SPO) - Senior Database Administrator,Application management; Database Administrator (DBA); MySQL database; Security and Data Protection; SQL Query,"6 to 10 years The applicants should have experience in the following business area(s): Banks, IT Enabled Service",SHIMANTO BANK PLC,Dhaka,"Bachelor of Science (BSc) in Computer Science & Engineering, Electrical & Electronic Engineering",FullTime,Office,1,Negotiable,2026-09-21,2026-09-28,bdjobs.com,https://bdjobs.com/h/details/1536424
Sales & Marketing Executive - B2B Software/SaaS,Convincing Capability; convincing customers; Door To Door Marketing; Retail Sales; Sales & Marketing; Sales Target Achievement; Smart and Dedicated; Strategic Sales Planning; Target Oriented; Field Sales; IT & Software Marketing; Lead Generation; Customer Relationship; Consultative sales skills,"At least 1 year The applicants should have experience in the following business area(s): IT Enabled Service, Pharmaceutical/Medicine Companies, Software Company Freshers are also encouraged to apply.",Star Soft Ltd.,Dhaka (Khilkhet),,FullTime,Office,15,Tk. 12000 - 16000 (Monthly),2026-09-21,2026-09-30,bdjobs.com,https://bdjobs.com/h/details/1536289
Deputy Executive - Sales & Marketing,Communication and interpersonal skill; convincing customers; Negotiations Skill; Network Engineering; Sales Representative; Consumer Durables - Sales & Marketing; Sales & Marketing; sales and Distribution; Sales Target Achievement,NA,Broad Band Telecom Services Limited,Chattogram,Bachelor of Science (BSc) in Computer Science & Engineering Bachelor of Science (BSc) in Electrical & Electronic Engineering Bachelor of Science (BSc) in Electronics and Telecommunication Engineering ,FullTime,,1,Negotiable,2026-09-21,2026-09-28,bdjobs.com,https://bdjobs.com/h/details/1536330
Network Engineer - IT,Infrastructure Engineer; IT Infrastructure; IT Troubleshooting; Network Engineering; Networking; Safeguarding training; Vendor Sourcing,"At least 4 years The applicants should have experience in the following business area(s): Retail Store, Manufacturing (FMCG), NGO, IT Enabled Service",Aarong,Dhaka,"A Bachelor`s degree in Computer Science and Engineering, or a related discipline.",FullTime,Office,1,--,2026-09-21,2026-09-30,bdjobs.com,https://bdjobs.com/h/details/1536352
"Assistant Director - Project Management, Enterprise Applications",Business Analysis; digital technology; ERP Implementation; Project Management; System Analyst; Enterprise Application; Product life cycle management; Project Manager (Software); Risk Management; System analysis and design,"At least 5 years The applicants should have experience in the following business area(s): IT Enabled Service, University","Independent University, Bangladesh (IUB)",Dhaka,"Bachelor of Science (BSc) in Computer Science, Information Technology, Information Systems, Computer Engineering Bachelor of Business Administration (BBA) in Business Administration, Management",FullTime,Office,1,Negotiable,2026-09-21,2026-10-03,bdjobs.com,https://bdjobs.com/h/details/1536334
Assistant Officer (IT),LAN; WAN; Outlook Mail Configuration; Troubleshooting; Firewall Administration; Network Infrastructure; Network Troubleshooting; Routing Protocol; Switching & Routing,"1 to 2 years The applicants should have experience in the following business area(s): Group of Companies, Manufacturing (FMCG), IT Enabled Service, Telecommunication",Akij Flour Mills Ltd.,Narayanganj,Diploma in Computer Bachelor of Science (BSc) in Computer Science & Engineering,FullTime,Office,1,Negotiable,2026-09-21,2026-10-10,bdjobs.com,https://bdjobs.com/h/details/1536332
Application Support Executive,Client Relationship; Communication; Computer Literacy; Speaking Professionally; Reporting and Documentation; Server Configuration; Router configuration; Collaboration and Teamwork; Quality assurance and control; Project Management,"At most 2 years The applicants should have experience in the following business area(s): Software Company, Travel Agency Freshers are also encouraged to apply.",Prime Tech Solutions Ltd.,Dhaka,"Bachelor of Science (BSc) in Computer Science, Information Technology",FullTime,Office,2,Negotiable,2026-09-21,2026-10-21,bdjobs.com,https://bdjobs.com/h/details/1536180
Assistant Director - Cloud Infrastructure,Cloud Platform; DevOps; Microsoft Azure; DevOps Tools; Environmental Science; Information technology; Infrastructure Development; IT Infrastructure; Operational Management; Vendor Management,"At least 7 years The applicants should have experience in the following business area(s): University, IT Enabled Service","Independent University, Bangladesh (IUB)",Dhaka,"Master of Science (MSc) in Information Technology, Computer Science, Information Systems Bachelor of Science (BSc) in Computer Science, Computer Science & Engineering, Information Technology, Informat",FullTime,Office,1,Negotiable,2026-09-21,2026-10-04,bdjobs.com,https://bdjobs.com/h/details/1535993
"Officer, ICT Operations",Departmental store; Hardware & Networking; Hardware Engineer; Hardware Troubleshooting; Management; Purchase; Procurement; Stakeholder Management,NA,SMC Enterprise Ltd.,Dhaka,Masters degree in any discipline Bachelor of Science (BSc) in Computer Science Bachelor of Science (BSc) in Information Technology Bachelor of Science (BSc) in Electrical & Electronic Engineering Mast,FullTime,Office,1,Negotiable,2026-09-21,2026-10-06,bdjobs.com,https://bdjobs.com/h/details/1536284
Video Game 3D Lighting Designer - Intern,3D Design; 3d Modeler; 3D modeling and rendering; 3D models(character; Blender; Maya; Substance Painter; Unreal; unreal engine; Zbrush,NA,BDGAME STUDIO,Dhaka (Banani),Bachelor of Fine Arts (B.F.A) Bachelor of Science (BSc),Intern,Office,5,Negotiable,2026-09-21,2026-10-21,bdjobs.com,https://bdjobs.com/h/details/1536241
Full Stack Web & API Developer,Coding; Frontend Development (Web); Web App; Web Design; Web; Website Development; Backend Development; RESTful API; Database design; DevOps,At least 2 years The applicants should have experience in the following business area(s): IT Enabled Service,Subnex IT,Dhaka (Farmgate),Diploma in Computer Bachelor of Science (BSc),FullTime,Office,1,Tk. 20000 (Monthly),2026-09-21,2026-09-30,bdjobs.com,https://bdjobs.com/h/details/1536234
"Computer Science Teacher - Primary, Middle & O Level",Teaching; O level; Computer Science; Engineering; Assessment; Cambridge Curriculum,"3 to 5 years The applicants should have experience in the following business area(s): College, School",Sydney International School,Dhaka (GULSHAN 2),"Bachelor of Science (BSc) in Computer Science Bachelor of Science (BSc) in Information Technology Bachelor of Science (BSc) in Software Engineering Bachelor`s degree in Computer Science, Information T",FullTime,,1,--,2026-09-21,2026-10-21,bdjobs.com,https://bdjobs.com/h/details/1536218
Video Game 3D Model Designer Intern,3D Design; 3d Modeler; 3D modeling and rendering; 3D models(character; Blender; Maya; Substance Painter; unreal engine; Zbrush; Maya and Cinema 4D,NA,BDGAME STUDIO,Dhaka (Banani),Bachelor of Fine Arts (B.F.A),Intern,Office,5,Negotiable,2026-09-21,2026-10-05,bdjobs.com,https://bdjobs.com/h/details/1535907
Executive - Data Analytics,Looker; Microsoft Power BI; SaaS; Tableau; Data analysis; Data Analytics; Analytical Skill,"1 to 3 years The applicants should have experience in the following business area(s): Advertising Agency, Engineering Firms, Advertising Technology (AdTech) Startup",TechGarlic Limited,Dhaka (DOHS Mohakhali),"Bachelor’s degree in Statistics, Data Science, Computer Science, Economics, Business, Marketing, Mathematics, MIS, or another relevant discipline.",FullTime,,1,Tk. 30000 - 40000 (Monthly),2026-09-21,2026-09-30,bdjobs.com,https://bdjobs.com/h/details/1535931
Full-Stack .NET Developer,.NET; Artificial intelligence (AI); ASP.NET Core; Azure; Dockers and Kubernetes; Full Stack Development; Nuxt.js; PostgreSQL; Vue.js; HTML5 & CSS3; REST API; TypeScript,"3 to 6 years The applicants should have experience in the following business area(s): Advertising Agency, Advertising Technology (AdTech) Startup, Engineering Firms, IT Enabled Service, Software Company",TechGarlic Limited,Dhaka (DOHS Mohakhali),"Bachelor of Science (BSc) in Computer Science & Engineering, Information Technology, Computer Science",FullTime,Office,2,Negotiable,2026-09-21,2026-09-30,bdjobs.com,https://bdjobs.com/h/details/1536163
"Officer, IT",Computer Networks; Computer Troubleshooting; LAN; WAN; Windows Server; IT Support Service; IT System Management,"5 to 10 years The applicants should have experience in the following business area(s): Development Agency, Group of Companies, NGO",Bangladesh Bondhu Foundation (BONDHU),Dhaka (Bosila),Diploma in Computer in Computer Science & Engineering Bachelor of Science (BSc) in Computer Science & Engineering,FullTime,Office,1,Negotiable,2026-09-21,2026-09-28,bdjobs.com,https://bdjobs.com/h/details/1536085
IT Officer / IT In-Charge,CCTV Installation; IT Support Service; Maintenance and Troubleshooting; Networking,1 to 2 years The applicants should have experience in the following business area(s): Hospital Freshers are also encouraged to apply.,Bangladesh Eye Hospital Mirpur Ltd.,Dhaka (Mirpur 2),Bachelor of Science (BSc) in Computer Science & Engineering,FullTime,Office,1,Negotiable,2026-09-21,2026-09-27,bdjobs.com,https://bdjobs.com/h/details/1535975
Executive - ICT (IT Support & Network),Corporate IT Support; ERP Software; Hardware & Networking; Information technology; IT Support Service; Operating Systems,"1 to 3 years The applicants should have experience in the following business area(s): Diagnostic Centre, Healthcare/Lifestyle product, Hospital, IT Enabled Service, Pharmaceutical/Medicine Companies Freshers are also encouraged to apply.",Popular Diagnostic Centre Ltd,Dhaka,"Diploma in Computer in Computer Science, Computer Engineering Bachelor`s Degree / EEE, ICT, or a related discipline from a recognized institution.",FullTime,Office,1,Negotiable,2026-09-21,2026-10-06,bdjobs.com,https://bdjobs.com/h/details/1535342
"Assistant Manager, ICT (IT Operations & Infrastructure)",ERP Systems; Hospital management; Infrastructure Development; IT Infrastructure; IT Project Management; Laboratory Management; Network Administration; Server Management; Supervisory Skill; Team Leading,"4 to 6 years The applicants should have experience in the following business area(s): Diagnostic Centre, Healthcare/Lifestyle product, Hospital, IT Enabled Service, Pharmaceutical/Medicine Companies",Popular Diagnostic Centre Ltd,Dhaka (Dhanmondi),"Bachelor of Science (BSc) in Computer Science, Computer Engineering EEE, ICT, or a related discipline; a Master`s degree or relevant professional certification (e.g., ITIL, CCNA, PMP) will be an added",FullTime,Office,1,Negotiable,2026-09-21,2026-10-06,bdjobs.com,https://bdjobs.com/h/details/1535420
Executive - IT,CCNA (Cisco Certified Network Associate); Docker; Mariadb; MTCNA; MTCRE; MySQL CPANEL Apache Server; Cisco; PostgreSQL; Zimbra; MySQL,"3 to 5 years The applicants should have experience in the following business area(s): IT Enabled Service, Agro based firms (incl. Agro Processing/Seed/GM)",AR Malik Seeds Private Limited,Dhaka (Aftabnagar),"Bachelor of Science (BSc) in Computer Science & Engineering, Information Technology Bachelor's degree in CSE, IT, or a related field, with at least 3 years of relevant hands-on experience. Strong prac",FullTime,,1,Negotiable,2026-09-21,2026-10-20,bdjobs.com,https://bdjobs.com/h/details/1535698
IT Officer,CCTV; Computer Hardware Maintenance; Switches; Routers; Network Troubleshooting; LAN; WAN,"5 to 8 years The applicants should have experience in the following business area(s): Manufacturing (FMCG), Garments, Textile, Leather goods/ Footwear/ Tannery, Group of Companies, Jute Goods/ Jute Yarn, Sweater Industry, Handicraft",Pacific A-1 Group,Magura (Magura Sadar),Bachelor of Science (BSc) in Computer Science Master of Science (MSc) in Computer Science,FullTime,Office,1,Negotiable,2026-09-21,2026-09-30,bdjobs.com,https://bdjobs.com/h/details/1536053
Sales Executive - Computer,Consumer Durables - Sales & Marketing; Marketing and Sales; Retail Sales; Sales & Marketing; sales and Distribution; Sales Development; Salesman; Strategic Planning; Sales Target Achievement; Computer Literacy,"2 to 5 years The applicants should have experience in the following business area(s): Computer Hardware/Network Companies, Retail Store Freshers are also encouraged to apply.",MICRO GALLERY,Dhaka (Dhaka Sadar),,FullTime,Office,2,Tk. 15000 - 20000 (Monthly),2026-09-21,2026-09-30,bdjobs.com,https://bdjobs.com/h/details/1535988
Trainer- Digital Marketing for Freelancing (Level 4),Compliance; Digital Marketing (Social Media Marketing); Record Keeping; Reporting and Documentation; Search Engine Optimization (SEO); Social Media Marketing,"3 to 4 years The applicants should have experience in the following business area(s): NGO, Development Agency",Bangladesh Labour Foundation (BLF),Anywhere in Bangladesh,"Bachelor of Business Administration (BBA) in Marketing Bachelor’s or Master’s degree in Marketing, Business Administration, Computer Science, Mass Communication, or a related discipline.",FullTime,Office,1,--,2026-09-21,2026-10-05,bdjobs.com,https://bdjobs.com/h/details/1536019
IT In-Charge,Access Control; CCTV; DHCP; ERP Software; LAN; WAN; RMG Sector; Switches; Routers,At least 5 years The applicants should have experience in the following business area(s): Garments,Trust Knitwear Industries Ltd.,Gazipur,"Bachelor of Science (BSc) in Computer Science & Engineering Bachelor’s degree in Computer Science, Computer Science & Engineering (CSE), Information Technology (IT) or a related discipline. Profession",FullTime,,1,Negotiable,2026-09-20,2026-10-20,bdjobs.com,https://bdjobs.com/h/details/1535885
Assistant IT Coordination Engineer,CCNA (Cisco Certified Network Associate); CompTIA; ITIL; Hardware & Networking; System Administration; Business Software,"2 to 3 years The applicants should have experience in the following business area(s): IT Enabled Service, Telecommunication",STANDARD MH GROUP,Gazipur,Bachelor of Science (BSc) in Computer Science & Engineering Bachelor of Science (BSc) in Information Technology Bachelor of Science (BSc) in Computer Science Diploma in Computer Bachelor’s degree in C,FullTime,Office,1,Negotiable,2026-09-20,2026-10-20,bdjobs.com,https://bdjobs.com/h/details/1535617
Junior Web Developer,Backend Development; Front-end Development; Web; Website Development; PHP Programming; HTML5 & CSS3; React.js; Next.js,"1 to 3 years The applicants should have experience in the following business area(s): Business-to-Business (B2B) Software and Services Startup, IT Enabled Service, Software Company Freshers are also encouraged to apply.",OsesIT,Dhaka (Mohammadpur),Bachelor of Science (BSc) Major in: Computer Science & Engineering (CSE) Information Technology (IT) Software Engineering Or a related field.,FullTime,Office,10,Negotiable,2026-09-20,2026-10-20,bdjobs.com,https://bdjobs.com/h/details/1535880
Digital Marketing Executive,B2B Marketing; Canva; Content Marketing; Digital Marketing (Social Media Marketing); Facebook marketing; Lead Generation; Lead management; Search Engine Optimization (SEO); Social Media Management; Market Research; Strategic Planning,"1 to 3 years The applicants should have experience in the following business area(s): E-commerce, IT Enabled Service, Software Company",Somikoron IT Ltd,Dhaka,"Bachelor of Science (BSc) in Marketing · Bachelor`s degree in Marketing, Business Administration, IT or a related field.",FullTime,Office,1,Tk. 25000 - 30000 (Monthly),2026-09-20,2026-09-30,bdjobs.com,https://bdjobs.com/h/details/1535816
Business Development Analyst - Night Shift,Client Relationship; Process Improvement; Quality assurance and control; Relationship Management; Vendor Management,NA,Apex Data Management & IT Ltd,Dhaka (Banani),,FullTime,Office,7,Tk. 40000 - 50000 (Monthly),2026-09-20,2026-10-20,bdjobs.com,https://bdjobs.com/h/details/1535776
IT Executive,IT Services; IT Support Service,"2 to 3 years The applicants should have experience in the following business area(s): E-commerce, E-commerce Startup, F-commerce",Moshal Bazar,Naogaon,,FullTime,Office,1,Negotiable,2026-09-20,2026-10-20,bdjobs.com,https://bdjobs.com/h/details/1535555
NOC Engineer,NOC; Network Engineering; Mikrotik; CCNA (Cisco Certified Network Associate),"1 to 4 years The applicants should have experience in the following business area(s): BPO/ Data Entry Firm, ISP, Software Company",Cherry Enterprise,Dhaka,Bachelor of Science (BSc) Diploma in Computer Certificate in Marine Trade Cisco Certified Network Associate (CCNA) added advantage. MikroTik Certified Network Associate (MTCNA) added advantage.,FullTime,Office,2,Negotiable,2026-09-20,2026-10-19,bdjobs.com,https://bdjobs.com/h/details/1535596
Website Developer & Social Media Content Writer,Canva; Digital Marketing (Social Media Marketing); Photoshop; Search Engine Optimization (SEO); Social Media Management; WordPress; Adobe Illustrator; Adobe Photoshop; Canva Pro,"At least 1 year The applicants should have experience in the following business area(s): Online Newspaper/ News Portal, Software Company Freshers are also encouraged to apply.",Bangladesh News Agency,Dhaka,,FullTime,Office,1,Tk. 15000 - 20000 (Monthly),2026-09-20,2026-09-30,bdjobs.com,https://bdjobs.com/h/details/1534890
DevOps Engineer,DevOps; System Administration; docker; Server and Database configuration; AWS,At least 2 years The applicants should have experience in the following business area(s): Real Estate,KSF Luxury Homes Limited,Dhaka (DOHS Mirpur),"Bachelor of Science (BSc) in Computer Science & Engineering Bachelor’s degree in Computer Science, Software Engineering, Information Technology, or a related field. Relevant professional certification",FullTime,Office,1,Negotiable,2026-09-20,2026-10-19,bdjobs.com,https://bdjobs.com/h/details/1535367
Software Engineer (App Developer),Android application development; Mobile App Development; Web Application Development; Flutter; JavaScript; REST API; JSON; MySQL,At least 2 years The applicants should have experience in the following business area(s): Real Estate,KSF Luxury Homes Limited,Dhaka (DOHS Mirpur),"Bachelor of Science (BSc) in Computer Science & Engineering Bachelor’s degree in Computer Science, Software Engineering, Information Technology, or a related field. Candidates with strong practical ap",FullTime,Office,1,Negotiable,2026-09-20,2026-10-19,bdjobs.com,https://bdjobs.com/h/details/1535360
Software Engineer (Web Developer),Web; Website Development; HTML5 & CSS3; JavaScript; MySQL; REST API; Node.js; PHP Laravel; Python Django,At least 2 years The applicants should have experience in the following business area(s): Real Estate,KSF Luxury Homes Limited,Dhaka (DOHS Mirpur),"Bachelor of Science (BSc) in Computer Science & Engineering Bachelor’s degree in Computer Science, Software Engineering, Information Technology, or a related field. Candidates with strong practical de",FullTime,Office,1,Negotiable,2026-09-20,2026-10-19,bdjobs.com,https://bdjobs.com/h/details/1535356
MIS & ICT Officer,Accounting Data Entry; Cash Purchase; Computer Literacy; IT Support Service; Microsoft Excel; Problem-solving skill; Software Implementation; Transaction Banking; MIS; MIS Reporting; ICT; IT System Management,"1 to 5 years The applicants should have experience in the following business area(s): Super store, Departmental store, Retail Store, Grocery shop",Big Bazar Super Shop,"Dhaka (Banglamotor, Eskaton, Wari)",Diploma in Computer in MIS/IT Bachelor of Business Administration (BBA) in MIS/IT Bachelor of Computer Application (BCA) in MIS/IT Master of Business Administration (MBA) in MIS/IT Bachelor of Commerc,FullTime,Office,1,Tk. 20000 - 35000 (Monthly),2026-09-20,2026-10-20,bdjobs.com,https://bdjobs.com/h/details/1535303
E-commerce SEO Expert & Content Writer (English),Content Marketing; Content writing; E-Commerce products; Ecommerce; Ecommerce Marketing; Graphic Design; Search Engine Optimization (SEO); SEO and Digital Marketing; keyword research,"At least 3 years The applicants should have experience in the following business area(s): Advertising Agency, Business-to-Business (B2B) Software and Services Startup, Direct Selling/Marketing Service Company, E-commerce, F-commerce, Market Research Firms, Web Media/Blog",Future Digit,"Dhaka, Dhaka (Adabor)","Bachelor’s Degree in Marketing, Business, English, CSE or relevant discipline. Professional experience in SEO, copywriting, product promotion, or digital marketing will be an advantage.",FullTime,Office,2,Tk. 18000 - 23000 (Monthly),2026-09-20,2026-09-30,bdjobs.com,https://bdjobs.com/h/details/1535448
"Project Officer, Management Information System (MIS), Early Childhood Development, HCMP",MIS; Data Collection; Data Visualization; Quality Assurance; Technical Support,"At least 2 years The applicants should have experience in the following business area(s): Development Agency, NGO",BRAC,"Cox`s Bazar (Cox's Bazar Sadar, Ramu, Teknaf, Ukhia)","Bachelor in MIS, Statistics, Data Science, or relevant discipline from any UGC approved reputed university/institute. Training in MIS systems, database management, or digital data tools (e.g., KoBo, O",Contract,Office,1,Negotiable,2026-09-20,2026-09-27,bdjobs.com,https://bdjobs.com/h/details/1535576
Senior Software Developer- Laravel,AWS Cloud; MySQL database; PHP Laravel; REST API; Security Management; Software Development; Ubuntu Linux; Code Review; Debugging; DevOps; Linux server; System Architecture,At least 4 years The applicants should have experience in the following business area(s): Software Company,ADEVS,Narayanganj (Siddirganj),,FullTime,Office,2,Tk. 50000 - 60000 (Monthly),2026-09-19,2026-10-19,bdjobs.com,https://bdjobs.com/h/details/1535432
Senior Web Developer,Coding; Domain Knowledge; Hosting; HTML5 & CSS3; PHP; SEO and Digital Marketing; Web; Website Development; Website Management; Website SEO; WordPress; JavaScript; MySQL,"2 to 3 years The applicants should have experience in the following business area(s): E-commerce, IT Enabled Service, Software Company, Web Media/Blog",RTL Bangladesh,Dhaka (GULSHAN 1),Bachelor of Science (BSc) in Computer Science & Engineering / Computer Science / Information Technology Master of Science (MSc) in CSE / Computer Science / IT / Software Engineering,FullTime,Office,2,Tk. 25000 - 30000 (Monthly),2026-09-19,2026-10-19,bdjobs.com,https://bdjobs.com/h/details/1535407
Chief Solutions Architect,Artificial intelligence (AI); Cloud Platform; Data centre; Hardware & Networking; Solution Architect; VMware,"10 to 15 years The applicants should have experience in the following business area(s): IT Enabled Service, Call Center, Business-to-Business (B2B) Software and Services Startup",Infratech Consultants Limited,Dhaka,Bachelor of Science (BSc) in Computer Science & Engineering Bachelor of Science (BSc) in Electrical & Electronic Engineering Master of Business Administration (MBA) Master of Science (MSc) in Computer,FullTime,,1,Negotiable,2026-09-19,2026-10-19,bdjobs.com,https://bdjobs.com/h/details/1535333
"Senior Executive, IT",Computer Repair & Servicing; Installation and Maintenance; Software Installation; Data Entry - English & Bengali; Firewall Administration; Hospital Pharmacy; Mikrotik Administration; Physical Instructor; SEO and Digital Marketing; Social Media Management,"At least 3 years The applicants should have experience in the following business area(s): College, Diagnostic Centre, Hospital",PRIME MEDICAL COLLEGE HOSPITAL (PMCH),Rangpur,Diploma in Computer Science,FullTime,Office,1,Tk. 15000 (Monthly),2026-09-19,2026-10-05,bdjobs.com,https://bdjobs.com/h/details/1535247
Web Master / IT Officer (IT Division),Content Management Systems; JavaScript; Odoo and Python,2 to 5 years,Stamford University Bangladesh,Dhaka (Siddheswari),Bachelor of Science (BSc) Master of Science (MSc) Educational Requirements: The Candidate must have SSC and HSC with a GPA of minimum 3.50 on scale of 5.00 in both levels. The candidate must have 04 y,FullTime,,1,Negotiable,2026-09-19,2026-09-28,bdjobs.com,https://bdjobs.com/h/details/1535213
Chief Information Technology Officer (IT Division),CISSP; Enterprise Systems,10 to 15 years,Stamford University Bangladesh,Dhaka (Siddheswari),Bachelor of Science (BSc) Master of Science (MSc) Educational Requirements: The Candidate must have SSC and HSC with a GPA of minimum 3.50 on scale of 5.00 in both levels. The candidate must have mini,FullTime,,1,Negotiable,2026-09-19,2026-09-28,bdjobs.com,https://bdjobs.com/h/details/1535208
Computer Lab Attendant,Lab Maintaining; Computer Hardware Maintenance; Troubleshooting; Software Installation,NA,Ranada Prasad Shaha University,Narayanganj,Bachelor of Science (BSc) in Computer Science & Engineering A Bachelor`s degree in CSE/ICT/SE is acceptable. Diploma from a recognized Polytechnic Institute.,FullTime,,1,--,2026-09-19,2026-10-15,bdjobs.com,https://bdjobs.com/h/details/1534776
Management Trainee Officer - Sales Automation,Data Analytics; MIS; Monitoring and Reporting; Presentation skill; Sales; Sales & Marketing; Sales Automation; Data analysis; Quality Control; Sales proceed collection; Sales Reporting,NA,PRAN Group,Anywhere in Bangladesh,"Master of Business Administration (MBA) in Marketing, Finance & Banking, Accounting & Information System, Management Information System Master of Science (MSc) in Computer Science & Engineering Bachel",FullTime,Office,1,--,2026-09-19,2026-09-25,bdjobs.com,https://bdjobs.com/h/details/1535315
Digital Marketing Expert,Digital Content Development; Digital Marketing; Digital Marketing (Social Media Marketing); SEO and Digital Marketing; Search Engine Optimization (SEO); Google Sheets; Google analytics; Google Ads,"2 to 5 years The applicants should have experience in the following business area(s): Advertising Agency, BPO/ Data Entry Firm, Consulting Firms, Development Agency, Direct Selling/Marketing Service Company, IT Enabled Service, Research Organization, Software Company, Training Institutes, Web Media/Blog",Digital Marketing Solution,Dhaka (Uttara Sector 6),"Bachelor degree in any discipline Graduate or Undergraduate in any discipline. Candidates from Marketing, BBA, Computer Science, Information Technology, or related fields will receive preference.",FullTime,,5,Tk. 20000 - 40000 (Monthly),2026-09-19,2026-10-16,bdjobs.com,https://bdjobs.com/h/details/1534520
Executive - TSD (Technical Service Department),Technical Skill; Technical Service; Technical Support Engineer; mechanical maintenance,NA,CYANIC CALIX,Dhaka (Uttara Sector 1),Bachelor of Science (BSc) in ME or EEE from any reputed Public or Private University Freshers are encouraged to apply. Both male & female candidates are eligible to apply,FullTime,Office,1,Negotiable,2026-09-19,2026-10-10,bdjobs.com,https://bdjobs.com/h/details/1535266
IT Support Officer,CCNA (Cisco Certified Network Associate); Collaboration and Teamwork; Communication; Computer Troubleshooting; Digital Marketing (Social Media Marketing); Hardware Engineer; IT Support Service; Linux; Office Administration; Windows OS; IT System Management; Social Media Management; LAN; WAN,"1 to 3 years The applicants should have experience in the following business area(s): Architecture Firm, Engineering Firms, Garments Freshers are also encouraged to apply.",BIM Envision,Dhaka (Uttara Sector 10),Diploma in Computer Diploma in Electrical,FullTime,Office,1,Tk. 10000 - 20000 (Monthly),2026-09-18,2026-10-19,bdjobs.com,https://bdjobs.com/h/details/1535174
Senior IT Security Officer,IT Support Service; Cyber Security; IT Security; Database management,5 to 8 years The applicants should have experience in the following business area(s): Software Company,Indetechs Software Limited.,Anywhere in Bangladesh,"Bachelor of Science (BSc) in Information Technology Bachelor’s degree in Cyber Security, Information Technology, Computer Science, Information Assurance , or equivalent experience.",FullTime,,1,Negotiable,2026-09-18,2026-10-18,bdjobs.com,https://bdjobs.com/h/details/1535140
Software Engineer (Android/iOS),Android; Android application development; Clean Code; Software Development; Software Engineering,NA,Avian BPO & IT,Dhaka,"Bachelor of Science (BSc) in Computer Science & Engineering, Computer Engineering, Computer Science",FullTime,Office,1,Tk. 45000 - 45001 (Monthly),2026-09-17,2026-10-17,bdjobs.com,https://bdjobs.com/h/details/1535095
Senior Full-Stack Developer (Backend-Focused - Technical Team Lead),API Development; Database design; E-Commerce products; Nest.js; Node and TypeScript; Project Management; SaaS; Software Development; Team Leader (Software); Tenant Management; Full Stack Development; Next.js; TypeScript,"5 to 8 years The applicants should have experience in the following business area(s): BPO/ Data Entry Firm, Business-to-Business (B2B) Software and Services Startup, IT Enabled Service, Software Company",Infoloom Systems Ltd.,Dhaka,,FullTime,Office,1,Tk. 50000 - 70000 (Monthly),2026-09-17,2026-10-01,bdjobs.com,https://bdjobs.com/h/details/1534648
"Junior Officer, ERP",Linux server; VMware; Windows Server; Network Engineering,NA,SQUARE Pharmaceuticals PLC.,Dhaka (Uttara Sector 7),Bachelor of Science (BSc) in Computer Science Diploma in Computer B.Sc. / Diploma in Computer Science.,FullTime,Office,1,--,2026-09-17,2026-09-26,bdjobs.com,https://bdjobs.com/h/details/1535069
Programmer/ Sr. Programmer,.Net Framework; Documentation; MS SQL Server.; Software design,"4 to 6 years The applicants should have experience in the following business area(s): ISP, IT Enabled Service, Software Company, Technical Infrastructure, Computer Hardware/Network Companies",Square InformatiX Limited,Dhaka (Mohakhali),Bachelor of Science (BSc) in Computer Science & Engineering BSC in CSE from any reputed Public/Private university Training on MS SQL Server will be an added advantage,FullTime,Office,2,Negotiable,2026-09-17,2026-10-17,bdjobs.com,https://bdjobs.com/h/details/1535002
"Senior Manager, IT & Systems",Database Administrator (DBA); IT Governnce; IT Infrastructure and Network Implementation; Linux System; Red Hat Linux; Windows Server,"8 to 14 years The applicants should have experience in the following business area(s): ISP, Telecommunication",Link3 Technologies Limited,Dhaka (Gulshan),"Bachelor of Science (BSc) in Computer Science & Engineering, Electrical & Electronic Engineering, Electronics and Telecommunication Engineering ITIL Foundation Certification RedHat or equivalent Certi",FullTime,Office,1,Negotiable,2026-09-17,2026-10-17,bdjobs.com,https://bdjobs.com/h/details/1534956
Junior Consultant / Consultant,ISO 27001,2 to 4 years,A Reputed Consultancy Firm,Dhaka,Bachelor of Science (BSc) in Computer Science & Engineering Graduation in CSE (Computer Science & Engineering) or any other Engineering discipline from a reputed university,FullTime,,2,Negotiable,2026-09-17,2026-10-17,bdjobs.com,https://bdjobs.com/h/details/1534997
"Officer, UI/UX Designing",Continuous Improvement; UI; UX Design,1 to 5 years The applicants should have experience in the following business area(s): Banks,A Private Commercial Bank,Dhaka,,FullTime,,1,Negotiable,2026-09-17,2026-09-23,bdjobs.com,https://bdjobs.com/h/details/1534920
Graphics Design Trainer,Adobe Photoshop; Adobe Illustrator and Adobe Photoshop; Adobe XD Figma Sketch; Teaching; Training; Training & Development,At least 3 years,Beacon IT,Chattogram,,PartTime,Office,2,Tk. 20000 - 40000 (Monthly),2026-09-17,2026-09-26,bdjobs.com,https://bdjobs.com/h/details/1534617
Assistant Engineer/Engineer (POP In-Charge),Fiber Optic Transmission; FTTX technology; LAN; WAN; Network Infrastructure; OLT and ONU; Operation & Maintenance; Radio Link; Vendor Management; Wireless,At most 4 years The applicants should have experience in the following business area(s): IT Enabled Service,ADN Telecom Limited,"Barishal, Dhaka, Rajshahi",Diploma in Engineering,FullTime,Office,4,Negotiable,2026-09-17,2026-10-17,bdjobs.com,https://bdjobs.com/h/details/1534859
Executive - Marketing And Sales,Customer Comuunication; Microsoft Excel; Microsoft Word; Sales & Marketing; Salesman; Sales Target Achievement; Consumer Durables - Sales & Marketing,At least 2 years The applicants should have experience in the following business area(s): IT Enabled Service,netBiz Technologies,Anywhere in Bangladesh,,FullTime,Office,5,Negotiable,2026-09-17,2026-09-25,bdjobs.com,https://bdjobs.com/h/details/1534761
"Android Developer (Java & Kotlin), IT",Flutter; Java; jetpack; Kotlin; REST APIs; Android application development; Technical knowledge,"At least 2 years The applicants should have experience in the following business area(s): Group of Companies, IT Enabled Service, Manufacturing (FMCG)",Meghna Group of Industries.,Dhaka (Gulshan),Bachelor of Science (BSc) in Computer Science & Engineering,FullTime,Office,1,Negotiable,2026-09-17,2026-10-01,bdjobs.com,https://bdjobs.com/h/details/1534745
SOC Manager,Operations Management; Customer Complaint; Root Cause Analysis; Process optimization; Customer Relationship,"At least 5 years The applicants should have experience in the following business area(s): Telecommunication, Multinational Companies, Technical Infrastructure",ZTE Corporation,Anywhere in Bangladesh,"Bachelor in Engineering (BEngg) in Computer Science & Engineering, Electronics and Telecommunication Engineering, Electrical & Electronic Engineering Bachelor’s degree or above in EEE,CSE or any relat",FullTime,,1,Negotiable,2026-09-17,2026-10-17,bdjobs.com,https://bdjobs.com/h/details/1534732
Senior Security Engineer,API Development; Cyber Security; IT Security; Linux; Network Security; CyberSecurity,"At least 5 years The applicants should have experience in the following business area(s): Group of Companies, IT Enabled Service",A Reputed Group of Companies,Dhaka,"Bachelor of Science (BSc) in Computer Science & Engineering, Information Technology",FullTime,Office,1,Negotiable,2026-09-17,2026-10-01,bdjobs.com,https://bdjobs.com/h/details/1534708
Executive - Sales And Implementation (ERP Software),Accounting Software; Accounts and audit; Accounts and Finance; Computer Literacy; Computer Science; Engineering; ERP Software; IT & Software Marketing; POS Software; Relationship Management; Key Account Management; Software Implementation; ERP Systems; Sales & Marketing; Strategic Planning,"1 to 2 years The applicants should have experience in the following business area(s): Audit Firms /Tax Consultant, Direct Selling/Marketing Service Company, Garments, Garments Accessories, IT Enabled Service, Manufacturing (FMCG), Micro-Credit, Software Company, Textile, Third Party Auditor (Quality, Health, Environment, Compliance Freshers are also encouraged to apply.",aan-nahl,Anywhere in Bangladesh,Diploma in Computer in Computer Science & Engineering Bachelor of Business Administration (BBA) Bachelor of Commerce (BCom) Master of Commerce (MCom) Bachelor in Engineering (BEngg),FullTime,Office,12,Negotiable,2026-09-17,2026-10-17,bdjobs.com,https://bdjobs.com/h/details/1534950
IT Officer,Mikrotik Administration; Mikrotik equipments; Payroll Software Developer; Troubleshooting,NA,Hi-Tech Group,Dhaka,,FullTime,Office,1,Negotiable,2026-09-17,2026-10-17,bdjobs.com,https://bdjobs.com/h/details/1534815
Executive (SEO/Digital Marketing),Digital Content Development; Digital Marketing (Social Media Marketing); keyword research; Maintenance Data Analysis and Reporting; on page and off page SEO; Social Media Management; Strong analytical and problemsolving skills.; Website Management; wordpress cms; Search Engine Optimization (SEO); SEMRUSH,"1 to 3 years The applicants should have experience in the following business area(s): IT Enabled Service, E-commerce Freshers are also encouraged to apply.",aan-nahl,Dhaka (ECB Chottor),"Bachelor of Science (BSc) in Computer Science & Engineering Diploma in Computer SEO certification Digital Marketing Fundamentals certification Any training/workshop attended on Web Development, CMS (W",FullTime,Office,25,Negotiable,2026-09-17,2026-10-17,bdjobs.com,https://bdjobs.com/h/details/1534960
Full-stack WordPress Developer ( US Based),JavaScript; PHP; MySQL; Linux; Git; HTML; CSS; WordPress; UI/UX; SEO,3 to 5 years,Ruvati,Anywhere in Bangladesh,"Bachelor of Science (BSc) in Computer Science Bachelor of Science (BSc) in Software Engineering Bachelor of Science (BSc) in Information Technology Bachelor's degree in Computer Science, Software Engi",FullTime,,1,Tk. 90000 (Monthly),2026-09-16,2026-10-12,bdjobs.com,https://bdjobs.com/h/details/1532502
IT Officer / Executive,Problem solving and decision making; Vendor Management; IT Support Service; Network Administration; CCTV Installation,1 to 3 years Freshers are also encouraged to apply.,NEC Money Transfer Limited,Dhaka,Bachelor of Science (BSc) in Computer Science & Engineering Diploma in Engineering in Computer Engineering,FullTime,Office,10,Tk. 12000 - 20000 (Monthly),2026-09-16,2026-10-16,bdjobs.com,https://bdjobs.com/h/details/1534616
DevOps Consultant (Sky Soft Limited),AWS; Azure; Google Cloud Platform; Docker; Kubernetes; Jenkins; CI/CD; DevOps; Linux; Networking; Git; Troubleshooting; System Administration,"At least 5 years The applicants should have experience in the following business area(s): IT Enabled Service, Software Company",JSK Group,Dhaka,"Bachelor of Science (BSc) in Computer Science Bachelor of Science (BSc) in Information Technology Bachelor’s degree in Computer Science, Software Engineering, Information Technology, or a related fiel",FullTime,Office,1,Negotiable,2026-09-16,2026-10-16,bdjobs.com,https://bdjobs.com/h/details/1534371
Senior Software Engineer -Full Stack (Frontend/Back End),Software Development; Information technology; PHP; ASP.NET MVC; JavaScript,"5 to 7 years The applicants should have experience in the following business area(s): Developer, Real Estate, Real Estate Startup",Besthome Properties Ltd,Dhaka,"Bachelor of Science (BSc) in CSE B.Sc. in Computer Science & Engineering (CSE), Software Engineering, ICT, IT, or any relevant discipline from a reputed university.",FullTime,,2,Tk. 45000 - 55000 (Monthly),2026-09-16,2026-10-16,bdjobs.com,https://bdjobs.com/h/details/1534538
Intern - Ruby on Rails Development,Python; Ruby on Rails; Software Development; Project Management; Implementation,NA,Itransition Software Bangladesh Ltd,Anywhere in Bangladesh,,Intern,Home,1,--,2026-09-16,2026-10-01,bdjobs.com,https://bdjobs.com/h/details/1534482
Senior Programmer (.NET & Angular),Angular; ASP.NET Core; OOP; RESTful API; Software Development; SQL; TSQL,"At least 8 years The applicants should have experience in the following business area(s): IT Enabled Service, Software Company",COAST Foundation,Dhaka,"Bachelor of Science (BSc) in Computer Science B.Sc. in Computer Science. For candidates with excellent experience, education might be flexible.",FullTime,,1,Tk. 60000 - 70000 (Monthly),2026-09-16,2026-09-25,bdjobs.com,https://bdjobs.com/h/details/1534502
IT Executive,Computer Hardware Maintenance; IT Support Service; Maintenance and Troubleshooting; Network configuration; Software Installation; CRM Management,"At least 1 year The applicants should have experience in the following business area(s): Chamber, Healthcare Startup",LifeSpring Consultancy Limited,Dhaka (PanthaPath),Bachelor of Science (BSc) Diploma in Computer,FullTime,Office,1,Tk. 15000 - 18000 (Monthly),2026-09-16,2026-09-30,bdjobs.com,https://bdjobs.com/h/details/1534454
IT & Asset Assistant,Maintenance and Troubleshooting; Technical Support; Hardware & Networking; Asset management,NA,ACTED,Cox`s Bazar,Bachelor of Science (BSc) in Information Technology Bachelor of Science (BSc) in Computer Science Bachelor of Science (BSc) in Computer Engineering Bachelor of Science (BSc) in Information Systems Bac,"FullTime,Contract",,1,Tk. 50000 - 52000 (Monthly),2026-09-16,2026-09-24,bdjobs.com,https://bdjobs.com/h/details/1534380
Digital Marketing Executive,Digital Marketing (Social Media Marketing); facebook ads; Facebook marketing; Google Ads; Lead Generation; meta ads campaign; Sales Target Achievement; SEO and Digital Marketing; Social Media Marketing,"2 to 3 years The applicants should have experience in the following business area(s): Advertising Agency, Software Company, IT Enabled Service, Market Research Firms, Business-to-Business (B2B) Software and Services Startup, Advertising Technology (AdTech) Startup",Datascape IT Limited,Dhaka (DOHS Mirpur),Bachelor of Business Studies (BBS) in Service Marketing Bachelor of Business Studies (Pass) Master of Commerce (MCom) Masters in Information Systems Security (MISS),FullTime,,1,Negotiable,2026-09-16,2026-10-16,bdjobs.com,https://bdjobs.com/h/details/1534376
Software Test Engineer,Artificial intelligence (AI); SaaS; Software Testing; Automation; Backend Development; Katalon Studio; SDLC,At least 2 years The applicants should have experience in the following business area(s): Software Company,Mac Technology Australia,Dhaka,"Bachelor of Science (BSc) in Computer Science & Engineering Master of Science (MSc) in Computer Science & Engineering Bachelor’s or Master’s degree in Computer Science, Software Engineering, or a rela",FullTime,Office,1,Negotiable,2026-09-16,2026-10-16,bdjobs.com,https://bdjobs.com/h/details/1534363
Senior Software Engineer (AI & Full Stack),Prompt Engineering; Full Stack Development; RESTful APIs; React.js; fastapi; Node.js,"1 to 3 years The applicants should have experience in the following business area(s): Telecommunication, Software Company, IT Enabled Service, Computer Hardware/Network Companies, Development Agency, Food (Packaged)/Beverage, Developer, Importer Freshers are also encouraged to apply.",Unisoft System Limited,Dhaka,Bachelor of Science (BSc) in Computer Science & Engineering,FullTime,Office,3,--,2026-09-16,2026-09-30,bdjobs.com,https://bdjobs.com/h/details/1534365
Business Intelligence (BI) Developer,Communication; Microsoft Excel; Business Analysis,"2 to 6 years The applicants should have experience in the following business area(s): Multinational Companies, Garments",American & Efird (Bangladesh) Ltd.,Dhaka,"Bachelor of Science (BSc) in Computer Science & Engineering, Data Science, Statistics",FullTime,,1,--,2026-09-16,2026-10-16,bdjobs.com,https://bdjobs.com/h/details/1534267
Support Engineer - IT,Computer Troubleshooting; Hardware & Networking; Internet; CCTV; CCTV Installation; CCTV Maintaining; DHCP; DNS; Ticketing & Reservation,3 to 5 years The applicants should have experience in the following business area(s): Garments,Grameen Fabrics & Fashions Ltd.,Gazipur (Gazipur Sadar),Diploma in Computer,FullTime,Office,1,Negotiable,2026-09-16,2026-09-25,bdjobs.com,https://bdjobs.com/h/details/1534135
Software Developer,API Development; Debugging; Full Stack Development; Software Development; Technical Documentation,"5 to 6 years The applicants should have experience in the following business area(s): IT Enabled Service, Software Company",Sky Aviation Services Ltd.,Dhaka,Masters in Computer Application (MCA),Contract,Office,1,Negotiable,2026-09-16,2026-09-30,bdjobs.com,https://bdjobs.com/h/details/1534263
Officer (MIS),Analytical Skill; Crystal Reports; MS Office; Problem-solving skill; SPSS; MIS,At least 3 years The applicants should have experience in the following business area(s): Micro-Credit,Manabik Shahajya Sangstha (MSS),Dhaka,"Master of Business Administration (MBA) in Management Information System, Statistics, Accounting",FullTime,Office,1,Tk. 32000 - 35000 (Monthly),2026-09-16,2026-09-30,bdjobs.com,https://bdjobs.com/h/details/1534199
Sr. Officer/ Asst. Manager- Enterprise Sales,Business Development; B2B Sales; Corporate Sales; marketing planning; Relationship Management; Cloud Service,NA,InterCloud Limited,Dhaka,"Bachelor of Business Administration (BBA) Bachelor of Science (BSc) in Computer Science & Engineering, Electrical & Electronic Engineering",FullTime,Office,1,Negotiable,2026-09-16,2026-09-30,bdjobs.com,https://bdjobs.com/h/details/1534020
Territory Officer (Night Shift),Compliance; Negotiation,NA,TechMinds Ltd,Dhaka (Kawran Bazar),,FullTime,,5,Tk. 20000 - 35000 (Monthly),2026-09-16,2026-09-30,bdjobs.com,https://bdjobs.com/h/details/1534168
Business Development Manager (International Software Market),Client Acquisition; IT Outsourcing; Sales & Marketing; Software Sales; Strong Communication skill with foreign clients; Business Development; Lead Generation; inbound; Outbound calls,"At least 5 years The applicants should have experience in the following business area(s): IT Enabled Service, Software Company, Telecommunication",A Reputed Software Company,Dhaka (GULSHAN 1),BBA/MBA/B.Sc in CSE/EEE/CS/M.Sc/MS/ or any,FullTime,Office,1,Tk. 48000 - 50000 (Monthly),2026-09-16,2026-10-16,bdjobs.com,https://bdjobs.com/h/details/1534559
Software Engineer - MERN Stack,Express.js; Figma; MongoDB; Next.js; Nginx; React.js; Node.js,At least 1 year The applicants should have experience in the following business area(s): Software Company,Skycommerce,Dhaka (Uttara),"Bachelor of Science (BSc) in Computer Science & Engineering, Computer Science",FullTime,Office,1,Tk. 25000 - 30000 (Monthly),2026-09-16,2026-09-23,bdjobs.com,https://bdjobs.com/h/details/1534408
Digital Marketing Executive,Content Creation; Digital Marketing; Digital Marketing (Social Media Marketing); Live Video; Content Development; Content Management; SEO and Digital Marketing; Social Media Management; Search Engine Optimization (SEO); Canva Pro,"At least 2 years The applicants should have experience in the following business area(s): Garments, Online Retail Startup, Shop/Showroom, Textile",FIRST TAKE,Dhaka (Shahbag),Diploma in Computer Science/Computer Technology অথবা সমমানের শিক্ষাগত যোগ্যতা।,FullTime,Office,6,Negotiable,2026-09-16,2026-10-16,bdjobs.com,https://bdjobs.com/h/details/1534431
Jr. Product Analyst,ChatGPT; Data Analyst; Figma; MS Power BI; n8n; Product Management; Product Market Analysis; Product strategy; Software Project Management; Wireframe,"At least 1 year The applicants should have experience in the following business area(s): IT Enabled Service, Software Company",Bdjobs.com Limited,Dhaka,"Bachelor of Business Administration (BBA) Bachelor of Science (BSc) in Mathematics, Statistics, Computer Science & Engineering, Economics",FullTime,Office,2,Negotiable,2026-09-15,2026-09-25,bdjobs.com,https://bdjobs.com/h/details/1534108
"Assistant Manager, ERP Operations & Implementation",Tally ERP Operator; ERP Software; SQL; Database,"At least 3 years The applicants should have experience in the following business area(s): E-commerce, Food (Packaged), Manufacturing (FMCG), Multinational Companies, Software Company",Ghorer Bazar,Dhaka,Bachelor in Engineering (BEngg) in Computer Science & Engineering,FullTime,Office,1,Negotiable,2026-09-15,2026-10-14,bdjobs.com,https://bdjobs.com/h/details/1533279
Senior Android Developer,Android application development; API Integration; Web Technologies,At least 4 years The applicants should have experience in the following business area(s): IT Enabled Service,Social Marketing Company,Dhaka,BSc in CSE/CS/IT/ICE from a reputed institution; candidates with an MBA and/or PMP certification will be given preference,Contract,Office,1,Negotiable,2026-09-15,2026-09-26,bdjobs.com,https://bdjobs.com/h/details/1534075
Manager - NOC,CCNA (Cisco Certified Network Associate); MTCNA; ISP NOC; Leadership; NOC,"8 to 10 years The applicants should have experience in the following business area(s): ISP, IT Enabled Service, Telecommunication",BD Hub Ltd,Dhaka (GULSHAN 1),Bachelor of Science (BSc) in CSE/TE,Freelance,Office,1,Negotiable,2026-09-15,2026-10-15,bdjobs.com,https://bdjobs.com/h/details/1534000
System Engineer,Telecommunication; Hardware and IP Networking; Network Troubleshooting,NA,Digital Cloud Communications,Dhaka (Mohammadpur),"Bachelor of Science (BSc) in Computer Science & Engineering, Electronics and Telecommunication Engineering Diploma in Engineering in Telecommunication",FullTime,Office,1,Negotiable,2026-09-15,2026-10-14,bdjobs.com,https://bdjobs.com/h/details/1533471
Deputy Manager / Manager - Product Management (Computer Accessories),Analytical Skill; Communication and interpersonal skill; Fluency in Bengali and English.; IT product Knowledge; Problem solving and decision making; Time Management and Prioritization,"4 to 5 years The applicants should have experience in the following business area(s): Computer Hardware/Network Companies, IT Enabled Service",Excel Technologies Ltd.,Dhaka,Bachelor degree in any discipline Bachelor in any discipline. BSc. in CSE get preference.,FullTime,Office,1,Negotiable,2026-09-15,2026-10-10,bdjobs.com,https://bdjobs.com/h/details/1533234
Executive - Client & Vendor Relations (Night Shift Only),Client Relationship; Client Service; Property Management; Property management systems; Property Preservation; Vendor Acquisition; Vendor Development; Vendor Management; Vendor Negotiation; Vendor Sourcing; Monitoring and Evaluation; Reporting and Documentation; Coordination; IELTS,1 to 2 years The applicants should have experience in the following business area(s): Property Management & Preservation Services Freshers are also encouraged to apply.,PropTech 4.0,Dhaka (DOHS Mirpur),Bachelor of Business Administration (BBA) Bachelor of Science (BSc) Bachelor in Engineering (BEngg) Bachelor of Real Estate (BRE) Bachelor of Business Studies (BBS) Bachelor’s degree in any discipline,FullTime,Office,10,Tk. 22000 - 35000 (Monthly),2026-09-15,2026-10-14,bdjobs.com,https://bdjobs.com/h/details/1533526
Territory Sales Manager (VTS Services),Sales & Marketing; Sales Target Achievement; Consumer Durables - Sales & Marketing; Market Research; Area; Territory Marketing,"At most 3 years The applicants should have experience in the following business area(s): Manufacturing (Light Engineering and Heavy Industry), IT Enabled Service, Business-to-Business (B2B) Software and Services Startup, Battery, Storage cell, Dry cell (Battery)",Bondstein Technologies Ltd.,"Barishal, Bogura, Chattogram, Cumilla, Dhaka, Feni, Gazipur, Khulna, Mymensingh, Rangpur, Sylhet",,FullTime,,1,Tk. 22000 - 25000 (Monthly),2026-09-15,2026-09-30,bdjobs.com,https://bdjobs.com/h/details/1533788
IT Support Expert,Operating Systems; Network Infrastructure; LAN; WAN; IT Asset Management; Vendor Management,"2 to 4 years The applicants should have experience in the following business area(s): Training Institutes, Software Company, IT Enabled Service, Multinational Companies, Consulting Firms, Hospital, Real Estate, Group of Companies, Technical Infrastructure",Simec Group,Dhaka (Uttara),Diploma in Computer,FullTime,Office,1,Negotiable,2026-09-15,2026-10-15,bdjobs.com,https://bdjobs.com/h/details/1533707
Operations Manager – IoT Solutions,IoT device; Operations Management; Planning and Deployment; Purchase; Procurement; Resource Management; Risk Management; SOP Development; Stakeholder Management,"3 to 5 years The applicants should have experience in the following business area(s): Artificial Intelligence (AI) Startup, Business-to-Business (B2B) Software and Services Startup, IT Enabled Service, Manufacturing (Light Engineering and Heavy Industry)",Bondstein Technologies Ltd.,Dhaka (Tejgaon Industrial Area),Bachelor of Science (BSc) in Computer Science & Engineering Bachelor of Business Administration (BBA) in Management,FullTime,Office,1,Tk. 40000 - 60000 (Monthly),2026-09-15,2026-09-24,bdjobs.com,https://bdjobs.com/h/details/1525915
Assistant Manager - Software Development,API; ASP.NET Core; C#; JavaScript; jQuery; Kendo UI; Microsoft SQL Server (MSSQL); MVC; MySQL; ASP.NET MVC; JavaScript ES6,"4 to 7 years The applicants should have experience in the following business area(s): ISP, IT Enabled Service, Software Company",Amber IT Ltd.,Dhaka (GULSHAN 1),Bachelor of Science (BSc) in Computer Science & Engineering Master of Science (MSc) in Computer Science & Engineering,FullTime,Office,2,Negotiable,2026-09-15,2026-10-14,bdjobs.com,https://bdjobs.com/h/details/1533363
"Senior Executive/ Executive, MIS",Analytical Skill; Data analysis; Database management; Microsoft Excel; MIS Reporting,"At least 3 years The applicants should have experience in the following business area(s): Agro based firms (incl. Agro Processing/Seed/GM), Group of Companies, Food (Packaged), Beverage, Dairy, Manufacturing (FMCG)",Akij Food & Beverage Ltd.,Dhaka (Dhamrai),Bachelor of Science (BSc) in Computer Science & Engineering Bachelor of Business Administration (BBA) in Management Information System,FullTime,Office,1,Negotiable,2026-09-15,2026-09-25,bdjobs.com,https://bdjobs.com/h/details/1533541
Sr. Executive/Assistant Manager-Audit,Audit; Internal Audit; Internal Control; Fraud Detection; Compliance Audit,"At least 4 years The applicants should have experience in the following business area(s): Automobile, Group of Companies, Manufacturing (FMCG), Pharmaceutical/Medicine Companies",Uttara Motors Ltd.,Dhaka,Master of Business Administration (MBA) in Accounting CACC from Reputed Audit Firm,FullTime,Office,1,Negotiable,2026-09-15,2026-10-15,bdjobs.com,https://bdjobs.com/h/details/1533893
Website Manager,Graphic Design; Hardware & Networking; MS Excel; MS Office; PHP Laravel; Search Engine Optimization (SEO); Website Management; Product Management; Online sales; Order Management,NA,Dhaka Mart,Dhaka (Mirpur),Bachelor of Science (BSc) in Computer Science & Engineering,FullTime,Office,1,Tk. 16000 - 22000 (Monthly),2026-09-14,2026-10-15,bdjobs.com,https://bdjobs.com/h/details/1533525
Intern- Web Development,HTML5 & CSS3; UI; UX Design; Web Templates; Problem solving and decision making; Attention to details,NA,Wave Riders Limited (Turaag Active),Dhaka (GULSHAN 1),Bachelor of Science (BSc) in Computer Science & Engineering,Intern,Office,1,Negotiable,2026-09-14,2026-10-14,bdjobs.com,https://bdjobs.com/h/details/1533497
Software Quality Assurance (QA) Engineer,REST API; SQL Database; Git and Github; Version Control; Automated Testing; Regression Testing,NA,Pakiza Software Ltd,Dhaka (Dhanmondi),,FullTime,Office,2,Negotiable,2026-09-14,2026-10-14,bdjobs.com,https://bdjobs.com/h/details/1533480
Server Administrator,AWS; DNS; hyper V; Linux server; Microsoft Azure; Python; VMware,"At least 7 years The applicants should have experience in the following business area(s): Banks, Telecommunication, Software Company, IT Enabled Service, Financial Technology (Fintech) Startup",BURO Bangladesh,Dhaka,Master of Science (MSc) in Computer Science Master of Science (MSc) in Information Technology Bachelor of Science (BSc) in Computer Science Bachelor of Science (BSc) in Information Technology Bachelor,FullTime,Office,1,Tk. 75000 - 120000 (Monthly),2026-09-14,2026-09-26,bdjobs.com,https://bdjobs.com/h/details/1533270
Database Administrator (DBA),AWS; Azure SQL; Database Administration; Database design; MSSQLServer; PostgreSQL,"5 to 7 years The applicants should have experience in the following business area(s): Banks, Telecommunication, Software Company, IT Enabled Service, Financial Technology (Fintech) Startup",BURO Bangladesh,Dhaka,Master of Science (MSc) in Computer Science Master of Science (MSc) in Information Technology Bachelor of Science (BSc) in Computer Science Bachelor of Science (BSc) in Information Technology Bachelor,FullTime,Office,1,Tk. 75000 - 120000 (Monthly),2026-09-14,2026-09-26,bdjobs.com,https://bdjobs.com/h/details/1533266
Mobile Application Developer,Flutter; Git and Github; React Hook; React Native; Redux; RESTful API; Software Deployment,"3 to 5 years The applicants should have experience in the following business area(s): Banks, Telecommunication, Software Company, IT Enabled Service, Financial Technology (Fintech) Startup",BURO Bangladesh,Dhaka,Bachelor of Science (BSc) in Computer Science Bachelor of Science (BSc) in Information Technology Bachelor of Science (BSc) in Electrical & Electronic Engineering Bachelor’s degree in Computer Science,FullTime,Office,1,Tk. 55000 - 90000 (Monthly),2026-09-14,2026-09-26,bdjobs.com,https://bdjobs.com/h/details/1533263
DevOps Engineer,AWS; CI CD; Docker; Git and Github; Grafana; Microsoft Azure; Python,"At least 5 years The applicants should have experience in the following business area(s): Banks, Telecommunication, Software Company, IT Enabled Service, Financial Technology (Fintech) Startup",BURO Bangladesh,Dhaka,Bachelor of Science (BSc) in Computer Science Bachelor of Science (BSc) in Information Technology Bachelor of Science (BSc) in Electrical & Electronic Engineering Bachelor’s degree (mandatory) in Comp,FullTime,Office,1,Tk. 55000 - 90000 (Monthly),2026-09-14,2026-09-26,bdjobs.com,https://bdjobs.com/h/details/1533258
Front-End Developer,.NET Core; Angular; API Integration; ASP.NET; HTML5 & CSS3; RESTful API; Tailwind CSS,"At least 5 years The applicants should have experience in the following business area(s): Banks, Telecommunication, Software Company, IT Enabled Service, Financial Technology (Fintech) Startup",BURO Bangladesh,Dhaka,Bachelor of Science (BSc) in Computer Science Bachelor of Science (BSc) in Information Technology Bachelor of Science (BSc) in Electrical & Electronic Engineering Bachelor’s degree (mandatory) in Comp,FullTime,Office,1,Tk. 55000 - 90000 (Monthly),2026-09-14,2026-09-26,bdjobs.com,https://bdjobs.com/h/details/1533252
Full-Stack Developer,.NET Core; Angular; API Development; Git and Github; Java; RESTful API; SQL,"At least 7 years The applicants should have experience in the following business area(s): Banks, Telecommunication, Software Company, IT Enabled Service, Financial Technology (Fintech) Startup",BURO Bangladesh,Dhaka,Master of Science (MSc) in Computer Science Master of Science (MSc) in Information Technology Bachelor of Science (BSc) in Computer Science Bachelor of Science (BSc) in Information Technology Bachelor,FullTime,Office,1,Tk. 75000 - 120000 (Monthly),2026-09-14,2026-09-26,bdjobs.com,https://bdjobs.com/h/details/1533211
Sr. Officer - IT,End User service support; Hardware; Software Troubleshooting; IT Asset Management; IT Infrastructure and Network Implementation; Network Administration; Switches; Routers; Windows Administration; IT hardware and networking knowledge; IT Troubleshooting; LAN; WAN; software support,"3 to 5 years The applicants should have experience in the following business area(s): Group of Companies, Manufacturing (FMCG), Steel, IT Enabled Service",GPH Ispat Limited,Dhaka,Bachelor of Science (BSc) in Computer Science & Engineering,FullTime,Office,1,Negotiable,2026-09-14,2026-09-26,bdjobs.com,https://bdjobs.com/h/details/1533300
NOC Engineer - ISP,CCNA (Cisco Certified Network Associate); GPON; JNCIA; MTCNA; optical fiber; Network Troubleshooting; Switching & Routing; Vlan; Mikrotik Administration,2 to 5 years The applicants should have experience in the following business area(s): ISP Freshers are also encouraged to apply.,Fiber Link,"Dhaka, Munshiganj","Diploma in Computer in Computer Science & Engineering, Electrical & Electronic Engineering, Electronics and Telecommunication Engineering, Information Technology Bachelor of Science (BSc) in Computer ",FullTime,Office,2,Negotiable,2026-09-14,2026-10-10,bdjobs.com,https://bdjobs.com/h/details/1532067
Assistant Manager / Deputy Manager - Governance & Cybersecurity,Cyber Security; IT Security; Information Security; IT Audit; Risk Management; CyberSecurity; IT Governance Framework,"At least 5 years The applicants should have experience in the following business area(s): BPO/ Data Entry Firm, IT Enabled Service, Multinational Companies, Software Company",Tekvision (BD) Limited,Chattogram,"Bachelor of Science (BSc) in Computer Science Bachelor of Science (BSc) in Computer Science Bachelor of Science (BSc) in Computer Science Bachelor's degree in Computer Science, IT, Cybersecurity or a ",FullTime,Office,4,Negotiable,2026-09-14,2026-10-03,bdjobs.com,https://bdjobs.com/h/details/1533290
Interior Designer,Architectural Drafting; Project Management; Interior Design; 3D modelling and Rendering; AutoCAD,NA,Betopia Group,Dhaka (Banasree),,FullTime,Office,4,Negotiable,2026-09-14,2026-10-14,bdjobs.com,https://bdjobs.com/h/details/1533274
Officer (Data Analyst),Data Analytics; Python; Risk Assessment; SQL,At least 2 years The applicants should have experience in the following business area(s): NGO,Centre for Development Innovation & Practices - CDIP,Dhaka,"Bachelor`s/Master`s degree in CSE, Computer Science, Data Science, Statistics, Business Analytics, Mathematics, or a related field.",FullTime,Office,1,Tk. 38000 - 45380 (Monthly),2026-09-14,2026-09-28,bdjobs.com,https://bdjobs.com/h/details/1533066
Odoo ERP Specialist,Corporate IT Support; Database management; End User Support; ERP Implementation; ERP Software; Odoo and Python; Odoo installation; Odoo javascript framework; Software Troubleshooting; Odoo Developer; PostgreSQL,"2 to 4 years The applicants should have experience in the following business area(s): IT Enabled Service, Logistic/Courier/Air Express Companies, Software Company, Telecommunication",VISCO Logistics Bangladesh Ltd.,Dhaka,"Bachelor of Science (BSc) in Computer Engineering, Computer Science, Information Technology",FullTime,Office,1,Negotiable,2026-09-14,2026-10-14,bdjobs.com,https://bdjobs.com/h/details/1532949
Asstt. Manager (Software Developer),Python Django; REST API; MySQL; Coding; Documentation; PostgreSQL; JavaScript,2 to 3 years The applicants should have experience in the following business area(s): Insurance,KARNAPHULI INSURANCE PLC,Dhaka,"Bachelor of Science (BSc) in Computer Science & Engineering, Information Technology Bachelor of Science (BSc) in Computer Science & Engineering from public and private University approved by UGC. Or M",FullTime,,1,Negotiable,2026-09-14,2026-10-10,bdjobs.com,https://bdjobs.com/h/details/1532998
Asstt. Manager (Assistant System Administrator),General Insurance; Hardware & Networking; IT Support Service; Maintenance and Troubleshooting; Network Engineering,2 to 3 years The applicants should have experience in the following business area(s): Insurance,KARNAPHULI INSURANCE PLC,Anywhere in Bangladesh,Bachelor of Science (BSc) in Computer Science & Engineering Diploma in Computer Master of Science (MSc) in Information Technology 3 Years Diploma/Graduation in CSE from Govt. approved any Board/Univer,FullTime,,1,Negotiable,2026-09-14,2026-10-10,bdjobs.com,https://bdjobs.com/h/details/1532986
"Officer, IT",LAN; WAN; Linux; Network Engineering; Security Management; Server Management; Windows; Automation; Cyber Security; IT Security; IT Strategy; IT System Management,"At least 2 years The applicants should have experience in the following business area(s): Group of Companies, Retail Store",Agora Limited,Dhaka,Bachelor of Science (BSc) in Computer Science & Engineering CCNA CCNP,FullTime,Office,1,Negotiable,2026-09-14,2026-09-30,bdjobs.com,https://bdjobs.com/h/details/1533027
Software Engineers,JavaScript; HTML5 & CSS3; Software Development; Software Implementation; Computer Science; Engineering,"At least 3 years The applicants should have experience in the following business area(s): Development Agency, IT Enabled Service, Software Company",Mars Shipping & Logistics,Dhaka,"Bachelor of Science (BSc) in Computer Science & Engineering B.Sc. in Computer Science & Engineering (CSE), IT, Software Engineering from a Reputed university.",FullTime,Office,1,Negotiable,2026-09-14,2026-10-14,bdjobs.com,https://bdjobs.com/h/details/1533389
SEO Specialist - Team Lead,SEMRUSH; Search Engine Optimization (SEO); keyword research,"3 to 5 years The applicants should have experience in the following business area(s): Chain shop, Direct Selling/Marketing Service Company, E-commerce, Mobile Industry, Retail Store",Gadget & Gear,Dhaka (GULSHAN 1),"Bachelor’s Degree in Marketing, Business, CSE, English, or a relevant discipline.",FullTime,Office,1,Negotiable,2026-09-14,2026-10-14,bdjobs.com,https://bdjobs.com/h/details/1533346
Data Engineer,Accuracy; Data Collection; Data Management; Data processing; ERP Software,1 to 2 years,Silkways Group,Dhaka (Tejgaon Industrial Area),Bachelor in Engineering (BEngg) Bachelor of Science (BSc) in Computer Science & Engineering,FullTime,Office,1,Negotiable,2026-09-13,2026-10-13,bdjobs.com,https://bdjobs.com/h/details/1532823
Creative Content Writer (SEO / AEO - AI Search Optimized Content),Content Development; Content Editing; Content writing; Writing skill; Writing skills in English; keyword research,"1 to 3 years The applicants should have experience in the following business area(s): Business-to-Business (B2B) Software and Services Startup, E-commerce, Software Company, Web Media/Blog Freshers are also encouraged to apply.",Softwix,Dhaka,,FullTime,Office,5,Tk. 15000 - 20000 (Monthly),2026-09-13,2026-09-23,bdjobs.com,https://bdjobs.com/h/details/1532775
Business Development Intern,Business Development; Client Relationship; Sales & Marketing,NA,XeonBD,Dhaka,,Intern,Office,2,Negotiable,2026-09-13,2026-10-13,bdjobs.com,https://bdjobs.com/h/details/1532781
Business Development Executive,B2B Sales; Communication and interpersonal skill; ERP Sales; IT & Software Marketing; Lead Generation; Market Research,"At least 3 years The applicants should have experience in the following business area(s): Software Company, Supply Chain",QPath Limited,Dhaka,,FullTime,Office,5,Tk. 35000 - 40000 (Monthly),2026-09-13,2026-09-30,bdjobs.com,https://bdjobs.com/h/details/1531238
.NET Engineer (API Developer),API Development; .NET; ASP.NET Core; RESTful APIs,"1 to 3 years The applicants should have experience in the following business area(s): Travel Agency, Travel Startup",Mynztrip.com,Anywhere in Bangladesh,"Bachelor of Science (BSc) in Computer Science Bachelor's degree in Computer Science, Software Engineering, or a related field.",FullTime,Home,1,Negotiable,2026-09-13,2026-10-13,bdjobs.com,https://bdjobs.com/h/details/1532762
Territory Sales Officer,Communication and interpersonal skill; Sales & Marketing; Sales Target Achievement; Telemarketing; Lead Generation; Client Relationship,"At most 2 years The applicants should have experience in the following business area(s): Garments, Garments Accessories, Agro based Startup, Artificial Intelligence (AI) Startup",ANTS,Dhaka,Bachelor of Business Administration (BBA) Bachelor of Business Studies (BBS) Bachelor of Arts (BA),FullTime,Office,2,Tk. 15000 - 20000 (Monthly),2026-09-13,2026-09-23,bdjobs.com,https://bdjobs.com/h/details/1532735
Assistant Manager/ Deputy Manager- ERP & IT,CyberSecurity; ERP Implementation; Hardware & Networking; Server Management,"5 to 10 years The applicants should have experience in the following business area(s): Manufacturing (FMCG), Real Estate",Deshi Consumer Products Limited.,Chattogram,"Master of Science (MSc) in Computer Science, Information Technology Bachelor of Science (BSc) in Computer Science, Information Technology Relevant professional certifications will be an added advantag",FullTime,Office,1,Negotiable,2026-09-13,2026-10-13,bdjobs.com,https://bdjobs.com/h/details/1532702
Senior Executive - IT (Infrastructure & Network Support),Azure; IT Asset Management; Windows Server; IT Infrastructure,"3 to 5 years The applicants should have experience in the following business area(s): Real Estate, IT Enabled Service",Shanta Holdings Ltd.,Dhaka,"Bachelor’s degree in Computer Science, Information Technology or a related field from any reputed public or private university.",FullTime,Office,1,Negotiable,2026-09-13,2026-09-28,bdjobs.com,https://bdjobs.com/h/details/1532700
Android App Developer (Kotlin),Android application development; Firebase; Git and Github; Google Maps; Java; Kotlin; Payment Gateway; REST API; Web Socket; XML; iOS and Android Application Design,"At least 4 years The applicants should have experience in the following business area(s): E-commerce, Educational Technology (Edtech) Startup, Financial Technology (Fintech) Startup, IT Enabled Service, Logistics Startup, Software Company, Travel Agency",JACHAI.COM LTD,Dhaka,Bachelor of Science (BSc) in Computer Science & Engineering,FullTime,Office,1,Negotiable,2026-09-13,2026-09-23,bdjobs.com,https://bdjobs.com/h/details/1531336
Software Engineer-Capital Market Solutions,Capital Market; Investment Banking; PLSQL; SQL; Data Migration; Incident Management; Root Cause Analysis,At least 2 years The applicants should have experience in the following business area(s): Software Company,LEADS Corporation Limited,Dhaka,Bachelor of Science (BSc) in Computer Science & Engineering,FullTime,,1,Negotiable,2026-09-13,2026-09-23,bdjobs.com,https://bdjobs.com/h/details/1532663
SEO & Digital Marketing Specialist - Team Lead,Campaign Management; Content Marketing; Content writing; Creative Design; Digital Marketing (Social Media Marketing); E-Commerce products; Search Engine Optimization (SEO); SEO and Digital Marketing; Social Media Management; Ecommerce; Market Research,"At least 4 years The applicants should have experience in the following business area(s): Advertising Agency, Direct Selling/Marketing Service Company, E-commerce, F-commerce, IT Enabled Service, Market Research Firms, Online Newspaper/ News Portal, Web Media/Blog",Future Digit,"Dhaka, Dhaka (Adabor)","Bachelor's Degree in Marketing, Business, CSE, IT, or another relevant discipline. Professional certification in SEO or digital marketing will be an advantage.",FullTime,Office,1,Tk. 25000 - 35000 (Monthly),2026-09-13,2026-09-30,bdjobs.com,https://bdjobs.com/h/details/1532833
Computer Operator,Asycuda; File management; Fluent in English; Microsoft Excel; Microsoft Word,NA,M/S. SHURJO - PRATAP GLOBAL LIMITED (SPGL),Chattogram,HSC Diploma Bachelor/Honors Diploma-in-Computer Science Graduate,FullTime,Office,1,Negotiable,2026-09-13,2026-10-13,bdjobs.com,https://bdjobs.com/h/details/1532989
Business Analyst to Director,Analytical Skill; Business Analysis; MIS; PowerBI; Statistical Data Analysis; Tableu,"At least 5 years The applicants should have experience in the following business area(s): Computer Hardware/Network Companies, Electronic Equipment/Home Appliances",Walton Hi-Tech Industries PLC.,Dhaka,"Bachelor of Business Administration (BBA) Master of Business Administration (MBA) BBA/ MBA in AIS, MIS, Finance, Banking, Marketing or B.Sc. in Engineering (EEE/ ME/ IPE or relevant discipline).",FullTime,Office,1,Negotiable,2026-09-13,2026-10-13,bdjobs.com,https://bdjobs.com/h/details/1532865
Digital Marketing Executive,Facebook Business Manager; Facebook Live Presenter; Facebook marketing; Google Ads; Instagram Marketing; Search Engine Optimization (SEO); SEO and Digital Marketing; Digital Marketing (Social Media Marketing),"1 to 3 years The applicants should have experience in the following business area(s): Business-to-Business (B2B) Software and Services Startup, Buying House, E-commerce, Garments, Garments Accessories, Software Company, Textile",1 & 9 Apparel Creator Ltd.,Dhaka (Mirpur 1),"Bachelor in Engineering (BEngg) in Computer Science & Engineering, Information Technology, Computing & Information System Bachelor of Business Administration (BBA) in Marketing",FullTime,Office,5,Negotiable,2026-09-12,2026-10-13,bdjobs.com,https://bdjobs.com/h/details/1532632
MIS Executive / Junior BI Analyst,Data analysis; Microsoft Excel; Microsoft Power BI; MySQL; MIS Reporting; Reporting Dashboard; Information Security,"1 to 5 years The applicants should have experience in the following business area(s): Dyeing Factory, Spinning, Textile, Woven Manufacturing Freshers are also encouraged to apply.",Shatarupa Weaving Mills Ltd.,Dhaka (Old Dhaka),"Bachelor of Science (BSc) in Management Information System, Computer Science & Engineering",FullTime,Office,1,Negotiable,2026-09-12,2026-10-12,bdjobs.com,https://bdjobs.com/h/details/1532621
"Executive, Support Engineer",macOS; Network Security; Incident Management,3 to 4 years The applicants should have experience in the following business area(s): Hospital,United Healthcare Services Ltd.,Dhaka,Bachelor of Science (BSc) in Computer Science & Engineering,FullTime,,1,Negotiable,2026-09-12,2026-09-26,bdjobs.com,https://bdjobs.com/h/details/1532490
"Executive, System Engineer",Power Infrastructure Management; Mikrotik; Juniper; Routing Protocol,5 to 6 years The applicants should have experience in the following business area(s): Hospital,United Healthcare Services Ltd.,Dhaka,,FullTime,Office,1,Negotiable,2026-09-12,2026-09-26,bdjobs.com,https://bdjobs.com/h/details/1532500
ERP Software Sales Closer,Business Research; Corporate Marketing; Sales & Marketing; SEO and Digital Marketing,"At least 1 year The applicants should have experience in the following business area(s): BPO/ Data Entry Firm, Call Center, E-commerce, IT Enabled Service, Software Company",Xeon Technology Limited,Dhaka,Bachelor of Business Administration (BBA) Master of Business Administration (MBA),FullTime,Office,2,Tk. 50000 - 100000 (Monthly),2026-09-12,2026-09-30,bdjobs.com,https://bdjobs.com/h/details/1529947
NOC Engineer (Day and Night Shifting),Cisco; Flexible with working hour; IT network; Network Monitoring; Network Operation; NOC; Stakeholder Liaison; Technical Support,"At least 3 years The applicants should have experience in the following business area(s): Garments, Group of Companies, Multinational Companies, Software Company, Telecommunication, Textile",Gildan-G.A.B. Limited,Dhaka (GULSHAN 2),"Bachelor of Science (BSc) in Computer Science & Engineering, Electronics and Telecommunication Engineering, Electrical & Electronic Engineering Preferred Professional Certification: Microsoft Certifie",FullTime,Office,1,Negotiable,2026-09-12,2026-10-12,bdjobs.com,https://bdjobs.com/h/details/1532362
Content Writer Intern,Content Editing; Content Writing; Copywriting; Digital Content Development; Proofreading; Technical Content Writer; Website Content Creation,NA,Web Impression Technology,Dhaka (Malibagh),,Intern,Office,1,Negotiable,2026-09-12,2026-09-26,bdjobs.com,https://bdjobs.com/h/details/1532338
Frontend Developer,API Integration; CSS3; Git and Github; HTML5; JavaScript; Next.js; React.js; REST API; Tailwind CSS; TypeScript,"1 to 3 years The applicants should have experience in the following business area(s): Advertising Agency, Software Company, IT Enabled Service",Nocfinity,Dhaka (Aftabnagar),,FullTime,,2,Tk. 25000 - 35000 (Monthly),2026-09-11,2026-10-11,bdjobs.com,https://bdjobs.com/h/details/1532328
Full-Stack Developer,Full Stack Development; Git; JavaScript; MySQL; Next.js; Node.js; React.js; REST API; TypeScript; Web Application Development; Database management; Backend Development; Frontend Development (Web),"2 to 4 years The applicants should have experience in the following business area(s): Advertising Agency, IT Enabled Service, Software Company",Nocfinity,Dhaka (Aftabnagar),"Bachelor/Honors in CSE, Software Engineering, IT, or a related field is preferred.",FullTime,Office,2,Tk. 35000 - 50000 (Monthly),2026-09-10,2026-10-10,bdjobs.com,https://bdjobs.com/h/details/1532273
Network Engineer,FinTech; Network Engineering; Software Development; LAN; WAN; Cisco; ISP,"3 to 5 years The applicants should have experience in the following business area(s): Telecommunication, Software Company, IT Enabled Service, Engineering Firms, Web Media/Blog, E-commerce",Optimum Solution and Services Ltd,Dhaka (Uttara Sector 11),"Bachelor in Engineering (BEngg) in Computer Engineering, Computer Science & Engineering, Computing & Information System, Electrical & Electronic Engineering, Information Technology",FullTime,,1,Tk. 70000 - 80000 (Monthly),2026-09-10,2026-09-30,bdjobs.com,https://bdjobs.com/h/details/1531966
ASP.NET Core Developer,FinTech; Software Development; ASP.NET Core; Git and Github; HTML5 & CSS3; MSSQLServer; MySQL; Razor Views in ASP.NET,"At least 4 years The applicants should have experience in the following business area(s): Engineering Firms, IT Enabled Service, Software Company",Optimum Solution and Services Ltd,Dhaka (Uttara Sector 11),"Bachelor in Engineering (BEngg) in Computer Engineering, Computer Science & Engineering, Information Technology",FullTime,Office,1,Tk. 40000 - 50000 (Monthly),2026-09-10,2026-09-30,bdjobs.com,https://bdjobs.com/h/details/1531940
Manager / Senior Manager - Management Information Systems (MIS),Business Development; Cross-functional Collaboration; Data Management; Departmental store; Factory Compliance; Process Development; Process Improvement,"5 to 10 years The applicants should have experience in the following business area(s): Manufacturing (Light Engineering and Heavy Industry), Group of Companies, Plastic/ Polymer Industry, Furniture Manufacturer, Steel, Furniture",Hatim Group,Dhaka,Bachelor of Science (BSc) in Computer Science,FullTime,Office,1,Tk. 60000 - 70000 (Monthly),2026-09-10,2026-09-25,bdjobs.com,https://bdjobs.com/h/details/1532131
ERP Techno- Functional Lead (Lead ERP),Database Administrator (DBA); ERP Implementation; ORACLE EBS; Project Management; IT Support Service; Data Migration; Oracle APPS DBA,"At least 10 years The applicants should have experience in the following business area(s): Garments, Garments Accessories, Spinning, Textile",TALHA GROUP (A strategic alliance with Noman Group),Dhaka (GULSHAN 2),"Bachelor’s/Master’s in Computer Science, Information Systems, or related field.",FullTime,Office,1,Negotiable,2026-09-10,2026-10-10,bdjobs.com,https://bdjobs.com/h/details/1532076
QA Engineer - Intern (Paid),Bug Tracking and Reporting; Manual Testing; Python; STLC; Test Case,NA,Bdjobs.com Limited,Dhaka (Kawran Bazar),Bachelor in Engineering (BEngg) in Computer Science & Engineering,FullTime,,1,Negotiable,2026-09-10,2026-09-26,bdjobs.com,https://bdjobs.com/h/details/1531900
Software Developer - .NET,ASP.NET; ASP.NET Web API; Git and Github; MSSQL; VB.NET; Razor Views in ASP.NET; RESTful API; Microsoft SQL Server (MSSQL),2 to 3 years,Be Rich Limited,Chattogram (Chattogram Sadar),,FullTime,Office,2,Negotiable,2026-09-10,2026-09-30,bdjobs.com,https://bdjobs.com/h/details/1531923
Business Development (Intern),Sales & Marketing; Consumer Durables - Sales & Marketing; Business Development; Business Analysis; Reporting,NA,Smart Software Limited,Anywhere in Bangladesh,Bachelor of Science (BSc) in Computer Science Bachelor of Commerce (BCom) in Bachelor of Commerce (BCom) Diploma in Computer Bachelor of Business Administration (BBA),Intern,Office,5,Tk. 10000 - 15000 (Monthly),2026-09-10,2026-09-25,bdjobs.com,https://bdjobs.com/h/details/1531697
Executive - Digital Marketing & SEO,Content Marketing; Digital Marketing (Social Media Marketing); keyword research; on page and off page SEO; Social Media Marketing,1 to 3 years The applicants should have experience in the following business area(s): Engineering Firms,ECORAY Sustainability and Design Ltd,Dhaka (DOHS Mohakhali),"Diploma/Bachelor’s degree in Marketing, Digital Marketing, Computer Science, IT, Communications, or a related field from a reputed university. Professional certification/course in Digital Marketing, S",FullTime,Office,1,Negotiable,2026-09-10,2026-10-10,bdjobs.com,https://bdjobs.com/h/details/1532121
Head of Corporate Sales (IT Products),Budgeting and Forecasting; Client Relationship; Communication and interpersonal skill; Corporate Sales; Presentation and Reporting; Sales & Marketing; Sales Target Achievement; Sales Team Leadership; Strategic Planning; Target Oriented; Business Development; Relationship Management; Key Account Management,"10 to 12 years The applicants should have experience in the following business area(s): Computer Hardware/Network Companies, Group of Companies, IT Enabled Service, Manufacturing (Light Engineering and Heavy Industry)",Whiteshell Hi-Tech Industries Limited,Dhaka,"Bachelor's or Master's degree in Business Administration, Marketing, Management, IT, or a related discipline. An MBA in Marketing/Management will be an advantage. Relevant professional training or cer",FullTime,Office,1,Negotiable,2026-09-09,2026-10-09,bdjobs.com,https://bdjobs.com/h/details/1531775
Jr. Image Editor,Adobe Photoshop; Photo Editing; clipping path; Multiple Clipping Path; Image Masking; Image retouching; clipping mask; jewellery retouch; High end retouching,"At least 1 year The applicants should have experience in the following business area(s): IT Enabled Service, Design/Printing/Publishing Freshers are also encouraged to apply.",Editouch IT,"Dhaka, Dhaka (Mohammadpur)",SSC HSC Practical skills and experience will be prioritized over academic background,FullTime,Office,10,Negotiable,2026-09-09,2026-09-30,bdjobs.com,https://bdjobs.com/h/details/1531324
"Senior Executive, Corporate Sales (IT Products)",B2B and B2C sales and marketing; Business Development; Communication and interpersonal skill; Corporate Sales; Presentation and Reporting; Problem solving and decision making; Sales Forecasting; Sales Target Achievement; Target Oriented; Lead Generation,4 to 6 years,Whiteshell Hi-Tech Industries Limited,Dhaka,"Master of Business Administration (MBA) Bachelor's or Master's Degree in Business Administration, Marketing, Management, IT, or a related discipline. An MBA in Marketing/Management will be an advantag",FullTime,Office,2,Negotiable,2026-09-09,2026-10-09,bdjobs.com,https://bdjobs.com/h/details/1531742
Technical Customer Support Engineer,AWS Cloud; Cloud Platform; Cloud Service; DNS; domain; Hosting; IT Support Service; network server; Server side Technologies; Customer Service; IT System Management; Technical Service; Technical Support Engineer; Troubleshooting,NA,XeonBD,Dhaka (Mohammadpur),"Bachelor of Science (BSc) in Computer Science & Engineering, Electrical & Electronic Engineering Diploma in Computer",FullTime,Office,2,Negotiable,2026-09-09,2026-10-09,bdjobs.com,https://bdjobs.com/h/details/1531660
Senior Executive MIS,ERP Software; Cross-functional Collaboration; Regulatory Affairs; Functional Requirements; Information technology; Maintenance and Troubleshooting; Reporting Dashboard; Business Development,"4 to 5 years The applicants should have experience in the following business area(s): Garments, Group of Companies",A 100% Export Oriented leading Knit Garments Factory.,Gazipur,"Bachelor of Science (BSc) in Computer Science, • B. Sc. in Computer Science and Engineering (CSE) ERP software",FullTime,Office,1,Negotiable,2026-09-09,2026-10-09,bdjobs.com,https://bdjobs.com/h/details/1531665
SEO & Creative Designer - (Female),Adobe Illustrator; Adobe indesign; Adobe Photoshop; Canva; Competitor Analysis,"2 to 5 years The applicants should have experience in the following business area(s): IT Enabled Service, Mobile Industry, Software Company",AIIM Global Limited,Dhaka,Bachelor of Business Administration (BBA) in Marketing Bachelor of Science (BSc) in Computer Science,FullTime,Home,1,Tk. 25000 - 30000 (Monthly),2026-09-09,2026-10-09,bdjobs.com,https://bdjobs.com/h/details/1528126
Assistant NOC Manager,Network architecture; Network Monitoring; Root Cause Analysis,"At least 2 years The applicants should have experience in the following business area(s): Telecommunication, IT Enabled Service, ISP, Computer Hardware/Network Companies, Electronic Equipment/Home Appliances, Technical Infrastructure Freshers are also encouraged to apply.",i Smart Group,Khulna (Khulna Sadar),Bachelor in Engineering (BEngg),FullTime,Office,1,Tk. 18000 - 25000 (Monthly),2026-09-09,2026-10-09,bdjobs.com,https://bdjobs.com/h/details/1531526
Business Analyst,Business Analysis; Product analysis; Project Documentation; Project Management; Stakeholder Management,"2 to 3 years The applicants should have experience in the following business area(s): IT Enabled Service, Software Company",BYSL Global Technology Group,Dhaka (Gulshan),"Bachelor of Science (BSc) in Computer Science Bachelor of Science (BSc) in Information Technology Bachelor of Business Administration (BBA) Bachelor`s degree in Computer Science, Information Technolog",FullTime,,1,--,2026-09-09,2026-10-09,bdjobs.com,https://bdjobs.com/h/details/1531602
Software / Product Engineer - Prototype Build,Software Development; Product Development; Python,1 to 2 years Freshers are also encouraged to apply.,A Well Reputed Company,Anywhere in Bangladesh,"Minimum Bachelor's degree (or equivalent) in Software Engineering, Computer Science, Statistics, or a related quantitative field.",FullTime,"Home,Office",1,Negotiable,2026-09-09,2026-10-08,bdjobs.com,https://bdjobs.com/h/details/1531234
Analyst / Product Engineer,Information technology; Artificial intelligence (AI); Product Development,1 to 2 years Freshers are also encouraged to apply.,A Well Reputed Company,Dhaka,"Minimum Bachelor's degree (any discipline). A background with a statistics, marketing, AI, software programming or research component is preferred, but strong candidates from other disciplines are enc",PartTime,"Home,Office",1,Negotiable,2026-09-09,2026-10-08,bdjobs.com,https://bdjobs.com/h/details/1531227
Senior Executive/Assistant Manager; Transmission (NTTN),Network Operation; NTTN; Reporting and Documentation; Stakeholder Management; Transmission; Vendor Management,"2 to 5 years The applicants should have experience in the following business area(s): ISP, Telecommunication",BRACNet Limited,Dhaka,"Bachelor of Science (BSc) in Electrical & Electronic Engineering, Computer Science & Engineering, Electronics and Telecommunication Engineering",FullTime,Office,1,Negotiable,2026-09-09,2026-10-09,bdjobs.com,https://bdjobs.com/h/details/1531584
Intern - Information Technology,Network Engineering; LAN; WAN; Switches; Routers; Installation; Erection; Server Configuration; Maintenance and Troubleshooting,NA,Labaid Cancer Hospital,Dhaka,"Bachelor of Science (BSc) in Computer Science & Engineering Currently studying or recently completed a Bachelor’s degree in Computer Science, Computer Science & Engineering, Information Technology or ",Intern,,1,Tk. 10000 (Monthly),2026-09-09,2026-09-24,bdjobs.com,https://bdjobs.com/h/details/1531536
HR & Admin Executive (Intern),Communication; employee development skill; Leave Management; Problem solving and decision making; Recruitment & Selection; Reporting and Documentation; Teamwork and Cooperation; HR and Administration; HR and compliance; HR and Payroll,NA,IGL Group,Dhaka,Bachelor of Business Studies (Pass) in Human Resource Management Bachelor of Commerce (Pass) in Human Resource Management Bachelor of Commerce (BCom) in Human Resource Management Bachelor of Business ,Intern,Office,1,Negotiable,2026-09-09,2026-09-24,bdjobs.com,https://bdjobs.com/h/details/1531494
Database Administrator (DBA),Database Administration; PostgreSQL; Oracle; MySQL; PowerShell; Access Control,3 to 5 years The applicants should have experience in the following business area(s): IT Enabled Service,Christian Service Society (CSS),Khulna,Bachelor of Science (BSc) in Computer Science and Engineering (CSE).,FullTime,,1,Negotiable,2026-09-09,2026-10-03,bdjobs.com,https://bdjobs.com/h/details/1531519
Senior Executive - Information Technology,Networking; Troubleshooting; Hardware; System Administration; Technical Support,3 to 5 years The applicants should have experience in the following business area(s): IT Enabled Service,Labaid Cancer Hospital,Dhaka (Green Road),"Bachelor of Science (BSc) in Computer Science & Engineering Bachelor’s degree in Computer Science, Computer Science & Engineering, Information Technology or a related discipline. Relevant professional",FullTime,,1,Negotiable,2026-09-09,2026-09-30,bdjobs.com,https://bdjobs.com/h/details/1531491
Network Engineer,Network Monitoring; Network Troubleshooting; Technical Documentation,NA,ZTE Corporation,Dhaka,"Bachelor of Science (BSc) in Communication Engineering, Computer Science & Engineering, Electronics and Telecommunication Engineering, Electrical & Electronic Engineering",FullTime,Office,2,Negotiable,2026-09-09,2026-10-09,bdjobs.com,https://bdjobs.com/h/details/1531469
Data Analytic & Automation Engineer,Data Visualization; Python; Microsoft Power BI,NA,ZTE Corporation,Dhaka,"Bachelor of Science (BSc) in Computer Science & Engineering, Applied Statistics and Data Science, Information Technology, Electronics and Telecommunication Engineering",FullTime,Office,3,Negotiable,2026-09-09,2026-10-09,bdjobs.com,https://bdjobs.com/h/details/1531485
Technical SEO Expert,Search Engine Optimization (SEO); keyword research; Competitor Analysis; google search console,At least 5 years The applicants should have experience in the following business area(s): Business-to-Business (B2B) Software and Services Startup,ICS Legal,Sylhet (Sylhet Sadar),Bachelor of Business Studies (BBS),FullTime,Office,1,Tk. 20000 - 25000 (Monthly),2026-09-08,2026-10-08,bdjobs.com,https://bdjobs.com/h/details/1531357
Executive -IT (Plant),LAN; WAN; Firewall; Inventory Management; IT Asset Management,2 to 5 years The applicants should have experience in the following business area(s): Group of Companies,East Coast Group,Dhaka (Ashulia),"Bachelor of Science (BSc) in CSE, IT, ICT, Computer Engineering or equivalent. Diploma in Computer in CSE, IT, ICT",FullTime,Office,1,Negotiable,2026-09-08,2026-10-07,bdjobs.com,https://bdjobs.com/h/details/1530822
IT & Digital Marketing Officer- Head Office,Digital Marketing (Social Media Marketing); SEO and Digital Marketing; Digital Content Development; Search Engine Optimization (SEO); seo audit; Adobe Photoshop; Adobe Illustrator,"1 to 2 years The applicants should have experience in the following business area(s): Hospital, Diagnostic Centre, Clinic, Healthcare/Lifestyle product","Kidney Awareness, Monitoring and Prevention Society (KAMPS)",Dhaka (Mohammadpur),"Bachelor of Science (BSc) in Computer Science & Engineering, Information Technology, Electrical & Electronic Engineering Bachelor of Science (BSc) in Computer Science Engineering/ Information Technolo",FullTime,Office,2,--,2026-09-08,2026-10-08,bdjobs.com,https://bdjobs.com/h/details/1531281
Assistant / Deputy Branch In-charge,Communication and interpersonal skill; Computer Literacy; Email; Internet Proficiency; Leadership; MS Office; Optical Fiber Splicing; Networking; ISP operation,1 to 5 years The applicants should have experience in the following business area(s): ISP,BlueNet Communication JV Ltd.,"Cumilla, Dhaka (GULSHAN 1, Uttara), Joypurhat, Khulna, Sylhet",Diploma in Computer Bachelor of Science (BSc) Minimum Diploma in Engineering (CMT/ENT/ET) .,FullTime,Office,6,Tk. 20000 - 35000 (Monthly),2026-09-08,2026-10-06,bdjobs.com,https://bdjobs.com/h/details/1530712
"Sr. Executive/ Executive, IT (MIS)- Adamjee EPZ",ERP Software; Logic ERP Software; MIS; ERP Systems; Implementing projects; Merchandising and Production.; Open to take responsibility; Purchase; Procurement; RMG planning,"3 to 5 years The applicants should have experience in the following business area(s): Garments, Textile, IT Enabled Service",A Reputed RMG Group of Company,Narayanganj (Adamjee EPZ),Bachelor of Science (BSc) in Textile Engineering,FullTime,Office,1,Negotiable,2026-09-08,2026-10-08,bdjobs.com,https://bdjobs.com/h/details/1531217
Senior Software Engineer (Full-stack),SPRING boot; RESTful API; HTTP; PostgreSQL; oAuth,At least 6 years The applicants should have experience in the following business area(s): NGO,Palli Karma-Sahayak Foundation (PKSF),Dhaka,Bachelor of Science (BSc) in Computer Science Bachelor of Science (BSc) in Computer Science & Engineering Bachelor of Science (BSc) in Information Technology Academic Degree: Candidates must have a Ba,FullTime,,4,Tk. 160000 (Monthly),2026-09-08,2026-09-23,bdjobs.com,https://bdjobs.com/h/details/1530946
Software Engineer (Full-stack),Full Stack Development; RESTful APIs; SPRING boot; ReactJS,At least 2 years The applicants should have experience in the following business area(s): NGO,Palli Karma-Sahayak Foundation (PKSF),Dhaka,Bachelor of Science (BSc) in Computer Science Bachelor of Science (BSc) in Computer Science & Engineering Bachelor of Science (BSc) in Information Technology Academic Degree: Candidates must have a Ba,Contract,,16,Tk. 120000 (Monthly),2026-09-08,2026-09-23,bdjobs.com,https://bdjobs.com/h/details/1530949
Software Test Engineer,API Testing; Automated Testing; Database Administration; Agile Scrum,At least 2 years The applicants should have experience in the following business area(s): NGO,Palli Karma-Sahayak Foundation (PKSF),Dhaka,Bachelor of Science (BSc) in Computer Science Bachelor of Science (BSc) in Computer Science & Engineering Bachelor of Science (BSc) in Information Technology i. Candidates must have a Bachelor's degre,Contract,,3,Tk. 120000 (Monthly),2026-09-08,2026-09-23,bdjobs.com,https://bdjobs.com/h/details/1530954
Senior Mobile Application Developer,API Integration; mobile application testing; Firebase; RESTful API,At least 6 years The applicants should have experience in the following business area(s): NGO,Palli Karma-Sahayak Foundation (PKSF),Dhaka,Bachelor of Science (BSc) in Computer Science Bachelor of Science (BSc) in Computer Science & Engineering Bachelor of Science (BSc) in Information Technology 1. Academic Degree: Candidates must have a,Contract,,1,Tk. 160000 (Monthly),2026-09-08,2026-09-23,bdjobs.com,https://bdjobs.com/h/details/1530955
Mobile Application Developer,JSON; RESTful API; Testing,At least 2 years The applicants should have experience in the following business area(s): NGO,Palli Karma-Sahayak Foundation (PKSF),Dhaka,Bachelor of Science (BSc) in Computer Science Bachelor of Science (BSc) in Computer Science & Engineering Bachelor of Science (BSc) in Information Technology 1. Academic Degree: Candidates must have a,Contract,,1,Tk. 120000 (Monthly),2026-09-08,2026-09-23,bdjobs.com,https://bdjobs.com/h/details/1530962
Data Architect,Data analysis; Database; Data Management; Oracle; MySQL,At least 10 years The applicants should have experience in the following business area(s): NGO,Palli Karma-Sahayak Foundation (PKSF),Dhaka,Bachelor of Science (BSc) in Computer Science Bachelor of Science (BSc) in Computer Science & Engineering 1. Degree Requirement: Bachelor's degree in Computer Science / Computer Science & Engineering/,Contract,,1,Tk. 160000 (Monthly),2026-09-08,2026-09-23,bdjobs.com,https://bdjobs.com/h/details/1530995
ERP Finance and Accounting Implementation Specialist,ERP,At least 10 years The applicants should have experience in the following business area(s): NGO,Palli Karma-Sahayak Foundation (PKSF),Dhaka,"Master of Business Studies (MBS) in Accounting Master of Business Studies (MBS) in Finance Bachelor of Business Administration (BBA) 1. Academic Degree: Master`s or Bachelor`s degree in Accounting, Fi",Contract,,1,Tk. 200000 (Monthly),2026-09-08,2026-09-23,bdjobs.com,https://bdjobs.com/h/details/1531003
Graphic Design (Intern),Adobe Illustrator and Adobe Photoshop; Adobe indesign; Canva; Graphic Design and Digital Content Creation; Adobe Photoshop; Adobe Illustrator; Adobe After Effects; Video Editing; Video Production,NA,Web Impression Technology,Dhaka (Malibagh),,Intern,Office,2,Negotiable,2026-09-08,2026-09-23,bdjobs.com,https://bdjobs.com/h/details/1530896
Programmer (Mobile Application),Flutter; Java or Kotlin; RESTful API; Swift; Android application development; iOS Application Development,"3 to 5 years The applicants should have experience in the following business area(s): Garments, Textile",A Leading Garments Manufacturing Company in Bangladesh,Dhaka,Bachelor of Science (BSc) in Computer Science & Engineering,FullTime,Office,1,Negotiable,2026-09-08,2026-10-08,bdjobs.com,https://bdjobs.com/h/details/1530916
Software Engineer,ASP.NET Core; JavaScript; React | Node JS | Javascript; Software design; software documentation,"1 to 4 years The applicants should have experience in the following business area(s): Garments, Textile",A Leading Garments Manufacturing Company in Bangladesh,Dhaka,Bachelor of Science (BSc) in Computer Science & Engineering,FullTime,Office,1,Negotiable,2026-09-08,2026-10-08,bdjobs.com,https://bdjobs.com/h/details/1530908
"Design Engineer (Fire system, HVAC System, Plumbing System).",Fire Protection and Detection System; HVAC; HVAC Design and Estimation; Plumbing Design,"2 to 5 years The applicants should have experience in the following business area(s): Consulting Firms, Engineering Firms",Project Management and Engineering Consultant (PROmec),Anywhere in Bangladesh,Bachelor of Science (BSc) in EEE / Mechanical or relevant subject,FullTime,Office,1,Negotiable,2026-09-08,2026-10-08,bdjobs.com,https://bdjobs.com/h/details/1531253
Service Manager,Monitoring; Reporting; Supervisory Skill; Coordination; Customer Relationship,At least 8 years The applicants should have experience in the following business area(s): IT Enabled Service,Zara Zaman Technology Ltd.,Dhaka,"Bachelor of Science (BSc) in Electrical & Electronic Engineering, Computer Science & Engineering",FullTime,Office,1,Negotiable,2026-09-07,2026-09-30,bdjobs.com,https://bdjobs.com/h/details/1529136
Backend Software Developer,REST API; Java; SPRING boot; SQL; Next.js; React.js,3 to 5 years,Zolo Inc.,Anywhere in Bangladesh,,FullTime,,1,--,2026-09-07,2026-10-03,bdjobs.com,https://bdjobs.com/h/details/1529470
Intern - IT - Genesis Fashion Ltd.,Coordination; Cost control; Garment Technology; Process optimization; Production Planning; Quality Assurance; Sewing quality,NA,M & J Group,Gazipur,"Bachelor`s degree in Computer Science, Data Science, Artificial Intelligence, Software Engineering, or related field.",FullTime,Office,3,Negotiable,2026-09-07,2026-10-07,bdjobs.com,https://bdjobs.com/h/details/1530690
Data Monitoring Officer,Data Management; Data analysis; Google Sheets; Data Validation,At most 1 year,SHINKHAI Tech Solutions Ltd,Dhaka (Badda),Bachelor of Science (BSc) in Computer Science & Engineering B.Sc. in Computer Science & Engineering (CSE) is required.,FullTime,Office,1,Tk. 18000 - 20000 (Monthly),2026-09-07,2026-10-07,bdjobs.com,https://bdjobs.com/h/details/1529065
Project Manager,Communication and interpersonal skill; Leadership; Planning and organizing; Problem solving and decision making; Reporting and Documentation; Project Management; Project Planning; Project Coordination; Budget Management; Resource Management; Risk Management,"2 to 5 years The applicants should have experience in the following business area(s): Software Company, IT Enabled Service, Business-to-Business (B2B) Software and Services Startup, Govt./ Semi Govt./ Autonomous body",RK Software Bangladesh Limited,Anywhere in Bangladesh,Bachelor of Science (BSc) in Computer Science & Engineering Bachelor in Engineering (BEngg),FullTime,,2,Negotiable,2026-09-07,2026-10-07,bdjobs.com,https://bdjobs.com/h/details/1530678
"Engineer, IT Support",Infrastructure Engineer; IT Help Desk; IT Infrastructure; IT Infrastructure and Network Implementation; IT Support Service,"At least 3 years The applicants should have experience in the following business area(s): Garments, Group of Companies, Manufacturing (FMCG), Multinational Companies, Pharmaceutical/Medicine Companies, Telecommunication, Textile, Woven Manufacturing",Gildan-G.A.B. Limited,Dhaka (Savar),"Bachelor of Science (BSc) in Computer Science & Engineering, Electronics and Telecommunication Engineering",FullTime,Office,1,Negotiable,2026-09-07,2026-10-06,bdjobs.com,https://bdjobs.com/h/details/1530121
"Sr. Executive, IT",Communication and interpersonal skill; Computer Troubleshooting; Configuring WiFi router; Hardware & Networking; Installation of CC Camera; IP Camera; Router configuration; Server Management; Troubleshooting; Windows Server; CCTV; Installation; Erection; Network Engineering; Switches,3 to 5 years The applicants should have experience in the following business area(s): Pharmaceutical/Medicine Companies,Nipa Pharmaceuticals Ltd.,Dhaka,Diploma in Computer in Computer Science & Engineering Bachelor of Science (BSc) in Computer Science & Engineering,FullTime,,1,Negotiable,2026-09-07,2026-10-07,bdjobs.com,https://bdjobs.com/h/details/1530562
Software Programmer- PHP and Oracle apex Developer (Laravel and CodeIgniter),Access Control; Software Development; Technical Documentation,"3 to 6 years The applicants should have experience in the following business area(s): Software Company, IT Enabled Service, Garments, Real Estate, Group of Companies, Sweater Industry, Paper",Bangladesh Development Group/ Magura Group,Anywhere in Bangladesh,"Bachelor in Engineering (BEngg) in Computer Science & Engineering, Computer Science and Engineering or ICT",FullTime,,2,Tk. 30000 - 40000 (Monthly),2026-09-07,2026-09-30,bdjobs.com,https://bdjobs.com/h/details/1530542
Network Engineer (Technology),BGP; CCNA (Cisco Certified Network Associate); Firewall Administration; Network Administration; Network Security; OSPF; Switching & Routing; Vlan; Network Troubleshooting,"2 to 5 years The applicants should have experience in the following business area(s): Computer Hardware/Network Companies, IT Enabled Service",Blue Solutions Ltd.,Chattogram (Chattogram Sadar),"Bachelor of Science (BSc) in Computer Science & Engineering, Electrical & Electronic Engineering, Electronics and Telecommunication Engineering",FullTime,Office,1,Negotiable,2026-09-07,2026-09-30,bdjobs.com,https://bdjobs.com/h/details/1529673
প্রোগ্রামার,,NA,মাইক্রোক্রেডিট রেগুলেটরী অথরিটি,Dhaka,,FullTime,,1,--,2026-09-07,2026-10-16,bdjobs.com,https://bdjobs.com/h/details/282749
Full-Stack Developer / Team Leader,API Testing; Attention to details; Database Administrator (DBA); Full Stack Development; Java; Node.js; Problem solving and decision making; Python; React.js; System Architecture; Technical Skill; Code blocks; Technical Support Engineer; Software Development,"At least 3 years The applicants should have experience in the following business area(s): Investment/Merchant Banking, Group of Companies, Share Brokerage/ Securities House, Software Company, Business-to-Business (B2B) Software and Services Startup, Financial Technology (Fintech) Startup, Advertising Technology (AdTech) Startup, Agro based firms (incl. Agro Processing/Seed/GM)",One Direction Companies Limited,Dhaka (Dhaka Sadar),"Bachelor of Science (BSc) in Computer Science & Engineering, Information Technology, Computer Science",FullTime,Office,3,Negotiable,2026-09-06,2026-09-30,bdjobs.com,https://bdjobs.com/h/details/1530407
Network Engineer,Network Engineering; Supervision and Leadership; Technical Documentation; IT Troubleshooting; Network Monitoring; Network Designing,"2 to 6 years The applicants should have experience in the following business area(s): Group of Companies, Multinational Companies, Software Company, Technical Infrastructure",SIMEC System Ltd.,Dhaka (Uttara),Bachelor of Science (BSc) in EEE,Contract,Office,5,Negotiable,2026-09-06,2026-10-06,bdjobs.com,https://bdjobs.com/h/details/1530300
Data Artist (Associate) - Night Shift,Communication; Data analysis; Data quality assurance; Data Visualization; Hard Working; Microsoft Excel; Microsoft PowerPoint,NA,Catalyst Solutions,Dhaka (DOHS Baridhara),"Bachelor of Science (BSc) in Electrical & Electronic Engineering, Computer Science & Engineering, Electronics and Telecommunication Engineering, Statistics, Mathematics",FullTime,Office,10,Tk. 18000 - 25000 (Monthly),2026-09-06,2026-10-06,bdjobs.com,https://bdjobs.com/h/details/1530239
Executive / Senior Executive (TP-Link Product Management),Analytical Skill; Communication and interpersonal skill; IT product Knowledge; IT Product Management; IT Products Sales and Marketing; Leadership; Problem solving and decision making; Target Oriented; Teamwork and Cooperation,"2 to 3 years The applicants should have experience in the following business area(s): Computer Hardware/Network Companies, IT Enabled Service",Excel Technologies Ltd.,"Bogura, Chattogram, Feni, Khulna, Rangpur, Sylhet",Bachelor degree in any discipline Bachelor of Science (BSc) Bachelor in any discipline. BSc. in CSE/IT/EEE get preference Any professional certificate related to networking product get advantage.,FullTime,Office,1,Negotiable,2026-09-06,2026-09-25,bdjobs.com,https://bdjobs.com/h/details/1530234
Business Analyst,Business Process Development; ERP Implementation; ERP Solution; Stakeholder Management,3 to 6 years The applicants should have experience in the following business area(s): Group of Companies,Betopia Group,Dhaka (Banasree),Bachelor of Science (BSc) in Computer Science & Engineering Bachelor of Science (BSc) in Computer Science & Engineering/ Bachelor in Management Information Systems (MIS) or related field.,FullTime,Office,2,Negotiable,2026-09-06,2026-10-06,bdjobs.com,https://bdjobs.com/h/details/1530133
Senior Developer,API Integration; ERP Systems; odoo; Python,4 to 6 years The applicants should have experience in the following business area(s): Group of Companies,Betopia Group,Dhaka (Banasree),Bachelor of Science (BSc) in Computer Science & Engineering Bachelor of Science (BSc) in Computer Science & Engineering,FullTime,Office,2,Negotiable,2026-09-06,2026-10-06,bdjobs.com,https://bdjobs.com/h/details/1530125
Jr. Executive- IT (Network),Antivirus and Firewalls; Microsoft 365; Networking; Printer Troubleshooting; Change Management; Firewall; IT Asset Management; Network Infrastructure,"2 to 4 years The applicants should have experience in the following business area(s): IT Enabled Service, Group of Companies, Garments",Team Group,Dhaka (Kawran Bazar),"Bachelor of Science (BSc) in Computer Science & Engineering, Electronics and Telecommunication Engineering",FullTime,Office,1,Tk. 20000 - 30000 (Monthly),2026-09-06,2026-10-06,bdjobs.com,https://bdjobs.com/h/details/1530089
ERP Project Coordinator / Business Analyst,ERP Software; Quality Control Audit; Inspect; Implementation; Merchandising; Fabrication,At least 4 years,GFG International,Dhaka,Bachelor of Science (BSc) in Computer Science & Engineering,FullTime,Office,1,Negotiable,2026-09-06,2026-09-30,bdjobs.com,https://bdjobs.com/h/details/1529946
Digital Marketing Executive,Search Engine Optimization (SEO); Graphic Design and Digital Content Creation,2 to 3 years The applicants should have experience in the following business area(s): Engineering Firms,Transpower Engineering Limited,Dhaka,BBA or BBS in Marketing (Training or certificate in Digital Marketing/SEO) Diploma Engineer in Computer Science (Training or certificate in Digital Marketing/SEO) Google or Meta certification will be ,FullTime,Office,2,Negotiable,2026-09-06,2026-10-06,bdjobs.com,https://bdjobs.com/h/details/1530296
UI/UX Designer,Adobe Illustrator; Adobe Photoshop; Digital Tools; Figma; Research Design; Analysis; UI; UX Design; Visualization; Visualizer; Cross-functional Collaboration; Information technology; Management; Responsive Webdesign; Usability Test,"At least 3 years The applicants should have experience in the following business area(s): Investment/Merchant Banking, Group of Companies, Share Brokerage/ Securities House, Advertising Agency, Software Company, E-commerce Startup, E-commerce, Financial Technology (Fintech) Startup, Development Agency",One Direction Companies Limited,Dhaka (Dhaka Sadar),"Bachelor of Science (BSc) in Computer Science & Engineering, Information Technology Bachelor of Arts (BA) in Fine Arts",FullTime,Office,1,Negotiable,2026-09-06,2026-09-30,bdjobs.com,https://bdjobs.com/h/details/1530411
Telesales Executive,Communication and interpersonal skill; Computer Literacy; Telecommunication; Client Relationship; Consultative sales skills; Customer Support through Phone; Lead Generation; Order processing; sales communication,"At least 1 year The applicants should have experience in the following business area(s): Healthcare Startup, Pharmaceutical/Medicine Companies, Telecommunication",HealthOS,Dhaka (Adabor),,FullTime,Office,15,Tk. 10000 - 10000 (Monthly),2026-09-05,2026-09-30,bdjobs.com,https://bdjobs.com/h/details/1529865
ISP Support Technician,LAN; WAN; Mikrotik; Optical Fiber Splicing; Switches; Routers; Client Support; IT Support Service; Technical Support Engineer,2 to 5 years The applicants should have experience in the following business area(s): ISP,Cyberlink Online Ltd,Dhaka (Nikunja),HSC,FullTime,Office,2,Tk. 15000 - 18000 (Monthly),2026-09-05,2026-09-25,bdjobs.com,https://bdjobs.com/h/details/1529812
Full Stack Developer,API Testing; Full Stack Development; Information technology; MySQL; Python,NA,AROSA LTD,Dhaka (DOHS Mohakhali),"Bachelor of Science (BSc) in Bachelor’s degree in Computer Science, Software Engineering, or a related field (preferred).",FullTime,Office,6,Negotiable,2026-09-05,2026-09-30,bdjobs.com,https://bdjobs.com/h/details/1529801
Website Developer,Elementor Pro; Shopify; Web; Website Development; WordPress; Web Design; Website Management,2 to 6 years The applicants should have experience in the following business area(s): Direct Selling/Marketing Service Company,Pathfinder Marketing,Anywhere in Bangladesh,"A degree, diploma, or relevant qualification in Web Development, Computer Science, Information Technology, Digital Technology, or a related field is preferred. Relevant certifications or practical tra",FullTime,Home,1,Tk. 15000 (Monthly),2026-09-04,2026-10-04,bdjobs.com,https://bdjobs.com/h/details/1529696
Assistant Manager/Sr. Officer - Corporate Sales,B2B Sales; Cloud Management; Corporate Sales; Client Acquisition; Stakeholder Management; Client Relationship,"2 to 5 years The applicants should have experience in the following business area(s): ISP, IT Enabled Service",ADN Telecom Limited,Dhaka,Bachelor of Science (BSc) Bachelor of Business Administration (BBA),FullTime,Office,1,Negotiable,2026-09-03,2026-10-03,bdjobs.com,https://bdjobs.com/h/details/1529632
Hardware Engineer (Information Technology),Hardware & Networking; Hardware Troubleshooting; IT Support Service,1 to 3 years The applicants should have experience in the following business area(s): Insurance,Sunflower Life Insurance Company Ltd.,Dhaka,"Bachelor`s degree in Computer Science & Engineering (CSE), Information Technology (IT), Computer Engineering, Electrical & Electronic Engineering (EEE), or a related discipline from a recognized unive",FullTime,,1,Negotiable,2026-09-03,2026-10-03,bdjobs.com,https://bdjobs.com/h/details/1529598
Senior SEO Manager,Data analysis and presentation; Google analytics; HTML5 & CSS3; Performance Monitoring; Search Engine Optimization (SEO),"At least 7 years The applicants should have experience in the following business area(s): Software Company, E-commerce",ChefOnline,Dhaka (GULSHAN 1),Bachelor of Science (BSc) in Computer Science & Engineering,FullTime,Office,2,Tk. 80000 - 150000 (Monthly),2026-09-03,2026-10-03,bdjobs.com,https://bdjobs.com/h/details/1529562
Manager - Digital Marketing Agency,Digital Marketing; SEO AND SMM; Client Relationship; Project Management,"At least 7 years The applicants should have experience in the following business area(s): Software Company, E-commerce, Advertising Agency",ChefOnline,Dhaka (GULSHAN 1),Bachelor of Business Administration (BBA) in Marketing,FullTime,Office,2,Negotiable,2026-09-03,2026-10-03,bdjobs.com,https://bdjobs.com/h/details/1529484
Service Engineer (IT / Hardware / Technical Support),IT Support Service; Client Relationship; Client Support; Networking,"1 to 2 years The applicants should have experience in the following business area(s): Wholesale, Retail Store, Trading or Export/Import, Direct Selling/Marketing Service Company, Chain shop, Importer",Computer Source Ltd.,Anywhere in Bangladesh,Diploma/Bachelor Degree in any discipline.,FullTime,,1,Negotiable,2026-09-03,2026-10-02,bdjobs.com,https://bdjobs.com/h/details/1528853
Senior Executive /Assistant Manager - Audio-Visual Solutions (Pre-Sales),Analytical Skill; Communication and interpersonal skill; Leadership; Problem solving and decision making; Problemsolving and decision making; Teamwork and Cooperation; Time Management and Prioritization,"3 to 5 years The applicants should have experience in the following business area(s): Computer Hardware/Network Companies, IT Enabled Service",Excel Technologies Ltd.,Dhaka,Bachelor of Science (BSc) in Electrical & Electronic Engineering Bachelor of Science (BSc) in Computer Science & Engineering Bachelor of Science (BSc) in Telecommunication Bachelor of Science (BSc) Ba,FullTime,,1,Negotiable,2026-09-03,2026-09-30,bdjobs.com,https://bdjobs.com/h/details/1529242
Software Programmer,HTML5 & CSS3; Java; JavaScript; PHP; SDLC; Software Development,2 to 3 years The applicants should have experience in the following business area(s): Software Company,Wheaton International School,Dhaka (Dhanmondi),"Bachelor of Science (BSc) in Computer Science Bachelor of Science (BSc) in Information Technology Bachelor`s degree in Computer Science, Software Engineering, Information Technology, or a related fiel",FullTime,,2,Negotiable,2026-09-03,2026-10-03,bdjobs.com,https://bdjobs.com/h/details/1529266
Marketing Manager (Enterprise),Brand Strategy; Event Management; Market Research; Marketing Campaigns; Media Management,At least 8 years The applicants should have experience in the following business area(s): Telecommunication,Huawei Technologies Bangladesh Ltd.,Anywhere in Bangladesh,"Bachelor`s in Engineering or Business management. Preferable in EEE, CSE, ECE, ETE",FullTime,,1,--,2026-09-03,2026-10-03,bdjobs.com,https://bdjobs.com/h/details/1529229
Full-Stack Developer (React/Next.js/TypeScript & Go)-Remote,Full Stack Development; Next.js; ReactJS; TypeScript; Bootstrap; Graphic Design; HTML5 & CSS3; JavaScript; jQuery; PostgreSQL,At least 2 years The applicants should have experience in the following business area(s): Software Company,Colgis BD,Anywhere in Bangladesh,Bachelor of Science (BSc),FullTime,Home,1,Negotiable,2026-09-02,2026-10-02,bdjobs.com,https://bdjobs.com/h/details/1528908
Junior Application Analyst,Business Analysis; Communication and interpersonal skill; Functional Testing; Problem-solving skill; Prompt Engineering; Stakeholder Management,NA,Data Edge Limited,Dhaka (Baridhara J Block),"Bachelor of Science (BSc) in Computer Science & Engineering Bachelor’s degree in Computer Science, Software Engineering, Information Technology, Information Systems, or a related discipline.· A degree",FullTime,,3,Negotiable,2026-09-02,2026-10-02,bdjobs.com,https://bdjobs.com/h/details/1529005
Sr. Manager / Manager - IT,IT Support Service; Problem solving and decision making; Team Leading; Asset management; CyberSecurity; Disaster Recovery; IT Strategy; LAN; WAN,8 to 13 years The applicants should have experience in the following business area(s): Garments,NORP KNIT INDUSTRIES LIMITED,"Gazipur (Gazipur Sadar), Mymensingh (Bhaluka)",,FullTime,Office,1,Tk. 60000 - 70000 (Monthly),2026-09-02,2026-09-30,bdjobs.com,https://bdjobs.com/h/details/1528854
Technical Project Manager,JavaScript ES6; Python; .NET Core; Project Management; JIRA,"3 to 7 years The applicants should have experience in the following business area(s): Software Company, IT Enabled Service",Xpert Fintech Limited,Dhaka,"Bachelor of Science (BSc) in Computer Science, Information Technology Bachelor`s degree in Computer Science, Software Engineering, IT, Business Administration, or a related field. Master`s degree or P",FullTime,Office,1,Negotiable,2026-09-02,2026-10-02,bdjobs.com,https://bdjobs.com/h/details/1528958
Manager / Senior Manager (Sales & Marketing),Market Intelligence; Relationship Management; Sales; Sales Team Leadership,"8 to 12 years The applicants should have experience in the following business area(s): ISP, IT Enabled Service, Telecommunication",BRACNet Limited,Dhaka,Bachelor of Science (BSc) in Computer Science & Engineering Master of Science (MSc) in Computer Science & Engineering Bachelor of Business Administration (BBA) in Marketing Master of Business Administ,FullTime,Office,1,Negotiable,2026-09-02,2026-09-30,bdjobs.com,https://bdjobs.com/h/details/1528844
Senior IT Infrastructure & Cloud Engineer,Cisco; Cloud Platform; hyper V; Microsoft Azure; Microsoft SQL Server (MSSQL); Microsoft Windows Server; VeeAM; VPN; ZAB ERP; Microsoft intune,"3 to 7 years The applicants should have experience in the following business area(s): BPO/ Data Entry Firm, Computer Hardware/Network Companies, Group of Companies, IT Enabled Service, Multinational Companies, Telecommunication, Manufacturing (FMCG)",Renowned European Company,Dhaka,Microsoft Certified: Azure Administrator Associate (AZ-104) Microsoft 365 Certified: Administrator Expert (MS-102) Microsoft Certified: Azure Security Engineer Associate (AZ-500) Cisco Certified Netwo,FullTime,Office,1,Negotiable,2026-09-02,2026-10-01,bdjobs.com,https://bdjobs.com/h/details/1528442
IT Manager,Cyber Security; IT Security; Project Manager (Software); Software Implementation; Team Leader (Software); Troubleshooting,"10 to 15 years The applicants should have experience in the following business area(s): Hotel, Property Management & Preservation Services, Resort",Quality Hospitality Limited (Q-HOTEL Dhaka),Dhaka,"Bachelor`s Degree or Diploma in Information Technology, Computer Science, Computer Engineering, or a related field from a recognized university.",FullTime,Office,1,Negotiable,2026-09-02,2026-09-30,bdjobs.com,https://bdjobs.com/h/details/1528684
Assistant Manager/ Manager Digital Marketing,Digital Marketing (Social Media Marketing); Email Marketing; Google Ads; Graphic Design; SEO and Digital Marketing; Digital Marketing,"3 to 6 years The applicants should have experience in the following business area(s): Developer, Real Estate, Resort",Mangrove Hotel & Resort Ltd.,Dhaka (Dhanmondi 27),Bachelor of Business Administration (BBA) in Marketing Master of Information & Communication Technology (MICT) in Computer Science & Engineering,FullTime,Office,1,Negotiable,2026-09-02,2026-09-30,bdjobs.com,https://bdjobs.com/h/details/1528015
Assistant Manager - Electrical (Industrial Automation),Communication and interpersonal skill; Industrial Automation; Leadership; PLC and Automation; Troubleshooting; Process optimization; Root Cause Analysis,"At least 7 years The applicants should have experience in the following business area(s): Cement, Manufacturing (FMCG), Manufacturing (Light Engineering and Heavy Industry), Power, Steel, Tiles/Ceramic, Tobacco, University",Abul Khair Group,Cumilla (Laksam),Bachelor in Engineering (BEngg) in Electrical & Electronic Engineering B.Sc. in Electrical & Electronic Engineering (EEE) from any reputed public Engineering university.,FullTime,Office,1,Negotiable,2026-09-02,2026-09-30,bdjobs.com,https://bdjobs.com/h/details/1528767
Senior Technical Support Commercial Operator,Crm handling; Customer Support; Sales & Marketing; Team Management & Supervision; Technical Sales; IT Marketing; Technical Service; Technical Support,"At least 5 years The applicants should have experience in the following business area(s): Business-to-Business (B2B) Software and Services Startup, Software Company",Ultra Group,Anywhere in Bangladesh,,FullTime,Home,1,Tk. 30000 - 60000 (Monthly),2026-09-01,2026-10-01,bdjobs.com,https://bdjobs.com/h/details/1528426
Junior Support Engineer,Cyber Security; IT Security; LAN; WAN; Network Troubleshooting; Technical Documentation,"At most 3 years The applicants should have experience in the following business area(s): Software Company, Technical Infrastructure Freshers are also encouraged to apply.",SIMEC System Ltd,Dhaka (Uttara),"Bachelor of Science (BSc) in Computer Science & Engineering, Electrical and Electronics Engineering",Contract,Office,2,Negotiable,2026-09-01,2026-10-01,bdjobs.com,https://bdjobs.com/h/details/1528187
Tele Sales Executive,Sales & Marketing; Sales Target Achievement; Sales Development; Call Center Operation,"At most 1 year The applicants should have experience in the following business area(s): E-commerce, E-commerce Startup, F-commerce",Herbheezz,Chattogram (Chattogram Sadar),HSC or Bachelor`s degree in any discipline.,FullTime,Office,1,Negotiable,2026-09-01,2026-09-30,bdjobs.com,https://bdjobs.com/h/details/1528059
Computer Operator,Coordination; Data Entry - English & Bengali; Data Entry; Data Management,At least 1 year Freshers are also encouraged to apply.,Five & Five Dyeing and Printing Works Ltd,Narsingdi,Bachelor of Business Administration (BBA) Educational Qualification:Minimum Bachelor degree/Bachelor of Business Administration (BBA)Preference for candidates with IT/ computer training,FullTime,Office,1,Negotiable,2026-09-01,2026-10-01,bdjobs.com,https://bdjobs.com/h/details/1528186
"Full-Stack TypeScript Developer (Remote, Full-Time)",Full Stack Development; JIRA; Node.js; TypeScript,"At least 3 years The applicants should have experience in the following business area(s): Business-to-Business (B2B) Software and Services Startup, IT Enabled Service, Software Company",Plug & Solve,Anywhere in Bangladesh,,FullTime,Home,1,Tk. 60000 - 72000 (Monthly),2026-08-31,2026-09-30,bdjobs.com,https://bdjobs.com/h/details/1527922
IT Executive/IT Officer,Technical Skill; IT System Management; Hardware & Networking,NA,Gateway Global International,Dhaka (Uttara),,FullTime,Office,1,Tk. 20000 (Monthly),2026-08-31,2026-09-30,bdjobs.com,https://bdjobs.com/h/details/1527994
Assistant Manager - AI & IT (Python & Software Development),API Integration; Artificial intelligence (AI); Generative AI; Machine Learning; Python; Software Development; SQL Database; version control systems (GIT); Web ERP Development; Computer Engineering; Cost optimization; ERP Software; Operations; Project Manager (Software),"At least 5 years The applicants should have experience in the following business area(s): Software Company, Logistic/Courier/Air Express Companies, Garments, Textile, Agro based firms (incl. Agro Processing/Seed/GM), Garments Accessories, Washing Factory",A Leading Diversified Business Group in Bangladesh,Dhaka,Bachelor of Science (BSc) in Computer Science & Engineering BSc in Computer Science & Engineering (CSE) from a reputed public/private university.,FullTime,Office,1,Negotiable,2026-08-31,2026-09-30,bdjobs.com,https://bdjobs.com/h/details/1528068
Sr.System/System Engineer,CCNA (Cisco Certified Network Associate); CCNP; Juniper; MTCNA; MTCRE,"2 to 3 years The applicants should have experience in the following business area(s): Software Company, IT Enabled Service, ISP",Alo Communications Limited,Dhaka,"Diploma in Engineering Bachelor of Science (BSc) CISCO,Mikrotik & Juniper Vendor Certificate",FullTime,Office,2,Negotiable,2026-08-31,2026-09-30,bdjobs.com,https://bdjobs.com/h/details/1527860
PHP Laravel Developer,Full Stack Development; Laravel Framework; Oracle; PHP MySql; ReactJS; Laravel; MySQL; PHP,"At least 3 years The applicants should have experience in the following business area(s): Development Agency, IT Enabled Service, Software Company",Nano Information Technology,Dhaka,Bachelor of Science (BSc) in Computer Science & Engineering,FullTime,Office,4,Tk. 30000 - 60000 (Monthly),2026-08-31,2026-09-30,bdjobs.com,https://bdjobs.com/h/details/1527718
Software Developer (Full-Stack & Mobile Application),Mobile App Development; Software Development; Backend Development; Flutter; RESTful APIs; Web Application Development,NA,100% Export Oriented Knit Garments Industries,Dhaka,,FullTime,Office,1,Negotiable,2026-08-31,2026-09-30,bdjobs.com,https://bdjobs.com/h/details/1527679
Lecturer (ICT),Lesson Planning; Curriculum Development; Teaching; Training; MS Office,"1 to 3 years The applicants should have experience in the following business area(s): University, College, School Freshers are also encouraged to apply.",Cambrian School & College,Dhaka (Mirpur),"Minimum: Bachelor’s/Master’s Degree in Computer Science, Computer Science & Engineering (CSE), Information & Communication Technology (ICT), Information Technology (IT), or a relevant discipline from ",FullTime,Office,1,Negotiable,2026-08-31,2026-09-30,bdjobs.com,https://bdjobs.com/h/details/1527945
Lecturer (ICT),Education; Teaching; Training; curriculum management,"1 to 3 years The applicants should have experience in the following business area(s): University, College, School Freshers are also encouraged to apply.",Akhaura Cambrian School & College,Brahmanbaria (Akhaura),"Minimum: Bachelor’s/Master’s Degree in Computer Science, Computer Science & Engineering (CSE), Information & Communication Technology (ICT), Information Technology (IT), or a relevant discipline from ",FullTime,Office,1,Negotiable,2026-08-31,2026-09-30,bdjobs.com,https://bdjobs.com/h/details/1527736
Business Analyst,Business Analysis; Client Acquisition; Market Research; Data analysis; Marketing Campaigns,"1 to 2 years The applicants should have experience in the following business area(s): E-commerce, Online Retail Startup",BRONNE LTD.,Dhaka (Baridhara J Block),"Bachelor of Business Administration (BBA) in MIS Bachelor of Science (BSc) in Applied Statistics and Data Science, Data Science Master of Science (MSc) in Data Science Master of Business Administratio",FullTime,Office,1,Tk. 15000 - 25000 (Monthly),2026-08-31,2026-09-30,bdjobs.com,https://bdjobs.com/h/details/1528120
.NET Core Developer,ASP.NET Core; ASP.NET Web API; Blazor; CICD pipelines; Entity Framework Core; Git; JavaScript; SaaS; SQL Server; Web API; .NET Core; MySQL,"2 to 4 years The applicants should have experience in the following business area(s): IT Enabled Service, Software Company",EZZHA IT,Dhaka (Elephant Road),Bachelor of Science (BSc) in Computer Science & Engineering Candidates with an ISDB-BISEW background are encouraged to apply.,FullTime,Office,1,Negotiable,2026-08-30,2026-09-29,bdjobs.com,https://bdjobs.com/h/details/1527601
Network Engineer / Senior Network Engineer,IP Routing; ISP Network Administration,4 to 5 years The applicants should have experience in the following business area(s): IT Enabled Service,Nexdecade Technology (Pvt.) Ltd,Dhaka,"Bachelor of Science (BSc) in Computer Science & Engineering, Electrical & Electronic Engineering",FullTime,Office,2,Negotiable,2026-08-30,2026-09-29,bdjobs.com,https://bdjobs.com/h/details/1527558
Oracle DBA Administrator,Oracle Database; Database Administration; SQL,"3 to 5 years The applicants should have experience in the following business area(s): Hospital, Software Company",Divine Mercy Hospital Ltd.,Gazipur (Kaliganj),Bachelor of Science (BSc) in Computer Science & Engineering,FullTime,Office,1,Negotiable,2026-08-30,2026-09-29,bdjobs.com,https://bdjobs.com/h/details/1527320
Computer Operator,Data analysis; Data Collection; Data Management; Data Validation; Lead Generation,NA,DYNAMIC SYNERGY LTD,Dhaka (Uttara Sector 3),Diploma in Computer Diploma in Mechanical Bachelor of Science (BSc) in CSE/Machanical- Running,FullTime,Office,5,Negotiable,2026-08-30,2026-09-29,bdjobs.com,https://bdjobs.com/h/details/1527336
Assistant Manager - Digital Marketing,Digital Marketing (Social Media Marketing); Email Marketing; facebook ads; Google Ads; SMS Marketing; CRM; Google analytics; Lead Generation; Meta Marketing; Search Engine Optimization (SEO); Social Media Management,"1 to 3 years The applicants should have experience in the following business area(s): Real Estate, Developer",Sheba Holdings Limited,Dhaka,"Bachelor of Business Administration (BBA) Bachelor’s degree in Marketing, Business Administration, Communications, Computer Science or a relevant field. Professional certification/course in Digital Ma",FullTime,Office,1,Negotiable,2026-08-30,2026-09-29,bdjobs.com,https://bdjobs.com/h/details/1527561
General Manager - Audit,Internal Audit; Cost control; Risk Management; Quality Control Audit; Inspect; Reporting and Documentation; Stakeholder Communication,At least 15 years,Noman Group.,Gazipur (Sreepur),CA / ACCA / CMA / MBA / M.Com or equivalent. Professional accounting qualification is highly preferred. Textile Engineering alongside an audit background is a strong plus. CIA (Certified Internal Audi,FullTime,,1,Negotiable,2026-08-30,2026-09-29,bdjobs.com,https://bdjobs.com/h/details/1527243
Odoo Functional Specialist,ERP Software; Microsoft Excel; odoo; Odoo installation; Odoo Developer; ERP Implementation,3 to 5 years The applicants should have experience in the following business area(s): Group of Companies,Total Image Group,Anywhere in Bangladesh,Odoo Certification / Odoo Functional Certification ERP Implementation ERP Functional Consultant Odoo Implementation Business Process Management Data Migration / ERP Data Migration,FullTime,Home,1,Tk. 130000 - 180000 (Monthly),2026-08-29,2026-09-28,bdjobs.com,https://bdjobs.com/h/details/1527197
Senior Officer/Assistant Manager - IT,CyberSecurity; Endpoint Security; Firewall Administration; IT Infrastructure; Linux server; Microsoft 365; MS SQL Server.; Network Administration; Windows Server; Database Administration; IT Troubleshooting,"6 to 7 years The applicants should have experience in the following business area(s): Software Company, Logistic/Courier/Air Express Companies, Garments, Textile, Agro based firms (incl. Agro Processing/Seed/GM), Garments Accessories, Washing Factory",A Leading and Reputed Business Group,Dhaka,Bachelor of Science (BSc) in Computer Science & Engineering B.Sc. in Computer Science & Engineering (CSE) or equivalent.,FullTime,Office,1,Negotiable,2026-08-29,2026-09-28,bdjobs.com,https://bdjobs.com/h/details/1527153
"Full Stack Developer (React.js, React Native, Node JS, PHP, Laravel, CodeIgniter)",JavaScript; ReactJS; Node.js; RESTful API; JSON Web Token; HTML5 & CSS3; Bootstrap,"1 to 3 years The applicants should have experience in the following business area(s): College, Software Company, IT Enabled Service, BPO/ Data Entry Firm, Developer, Call Center, E-commerce, Artificial Intelligence (AI) Startup, Business-to-Business (B2B) Software and Services Startup, E-commerce Startup",Versatilo Group,Dhaka (GULSHAN 2),Bachelor/certification in relevant field,FullTime,,2,Negotiable,2026-08-29,2026-09-28,bdjobs.com,https://bdjobs.com/h/details/1527118
Computer Operator / Computer Analyst,Computer Science; Engineering; Troubleshooting; Creative thinker and problem solver; Data Entry; Data analysis; Data Management; Data Collection,NA,Tasklancer,Dhaka,,FullTime,"Office,Home",10,Negotiable,2026-08-29,2026-09-28,bdjobs.com,https://bdjobs.com/h/details/1527114
Junior Software Engineer,Software Development; Web; Website Development; Collaboration; API Testing; Quality Control Audit; Inspect; HTTP protocols,"1 to 2 years The applicants should have experience in the following business area(s): Artificial Intelligence (AI) Startup, BPO/ Data Entry Firm, IT Enabled Service, Software Company Freshers are also encouraged to apply.",Tasklancer,Dhaka,,FullTime,Office,3,Negotiable,2026-08-29,2026-09-28,bdjobs.com,https://bdjobs.com/h/details/1527109
Odoo ERP & IT Support Intern,Corporate IT Support; Database Management; ERP Implementation; IT Troubleshooting; odoo; Software Development; Odoo and Python,NA,Cityscape International Ltd,Dhaka (GULSHAN 1),"Bachelor of Science (BSc) in Computer Science & Engineering (CSE), Information Technology, Software Engineering",Intern,Office,1,Tk. 10000 - 10000 (Monthly),2026-08-29,2026-09-28,bdjobs.com,https://bdjobs.com/h/details/1526967
"Junior Software Engineer (.NET Core Developer, C# )",ASP.NET Core MVC; ASP.NET MVC; ASP.NET Web API; Full Stack Development; REST API; SaaS project; WinForm; MS SQL Server.; Database design,At least 1 year The applicants should have experience in the following business area(s): Software Company,BSSIT,Dhaka (Wari),Bachelor of Science (BSc) in CSE,FullTime,Office,3,Negotiable,2026-08-29,2026-09-24,bdjobs.com,https://bdjobs.com/h/details/1524683
"Executive - AI, Digital Growth & Data Analytics",Digital Marketing (Social Media Marketing); Search Engine Optimization (SEO); Google analytics; Social Media Marketing,"1 to 3 years The applicants should have experience in the following business area(s): Advertising Agency, Software Company, IT Enabled Service, E-commerce, Web Media/Blog, Advertising Technology (AdTech) Startup, Direct Selling/Marketing Service Company, Consulting Firms Freshers are also encouraged to apply.",Green Bangla Foundation (GBF),Dhaka,Bachelor of Science (BSc) in Computer Science & Engineering (CSE) Master of Science (MSc) in Computer Science & Engineering (CSE),FullTime,,5,Tk. 25000 - 35000 (Monthly),2026-08-29,2026-09-24,bdjobs.com,https://bdjobs.com/h/details/1526256
Backend Engineer (Node.js / NestJS),Cyber Security; IT Security; Docker based deployment; Git and Github; Linux; Next.js; Nginx; Node and TypeScript; PostgreSQL; REST API Development; Swagger,At most 2 years The applicants should have experience in the following business area(s): Software Company Freshers are also encouraged to apply.,Nexadev,"Dhaka (Mirpur, Pallabi)",Diploma in Engineering Bachelor of Science (BSc) in Computer Science & Engineering,FullTime,Office,1,Tk. 20000 - 25000 (Monthly),2026-08-29,2026-09-28,bdjobs.com,https://bdjobs.com/h/details/1526841
Mobile App Developer (React Native + Flutter),Dart; Flutter; Git and Github; iOS Application Development; JavaScript; React Native; REST API Development; TypeScript; Mobile App Development,"At most 2 years The applicants should have experience in the following business area(s): Artificial Intelligence (AI) Startup, Business-to-Business (B2B) Software and Services Startup, IT Enabled Service, Software Company Freshers are also encouraged to apply.",Nexadev,Dhaka (Pallabi),Diploma in Engineering in Computer Engineering Bachelor of Science (BSc) in Computer Science & Engineering,FullTime,Office,1,Tk. 20000 - 25000 (Monthly),2026-08-29,2026-09-28,bdjobs.com,https://bdjobs.com/h/details/1526815
Web & App Developer (Vibe Coder / AI-Assisted),Artificial intelligence (AI); Mobile App Development; Software Development; Web Application Development; Custom Web Development; Troubleshooting and Debugging,"At least 1 year The applicants should have experience in the following business area(s): Artificial Intelligence (AI) Startup, Developer Freshers are also encouraged to apply.",Holidayzer BD Ltd,Narail (Narail Sadar),"Bachelor of Science (BSc) A CS degree isn't required—if you can show us strong work through past projects, GitHub, a portfolio, or hands-on experience, we want to hear from you.",FullTime,Office,2,--,2026-08-29,2026-09-27,bdjobs.com,https://bdjobs.com/h/details/1526881
Senior Graphics Motion Designer,Adobe After Effects; Graphic Design; motion graphics; Adobe Illustrator and Adobe Photoshop,"At least 1 year The applicants should have experience in the following business area(s): Artificial Intelligence (AI) Startup, BPO/ Data Entry Firm, Business-to-Business (B2B) Software and Services Startup, Call Center, IT Enabled Service, Software Company",Avian BPO & IT,Dhaka,Bachelor of Arts (BA) in Fine Arts,FullTime,Office,1,Tk. 35000 - 35001 (Monthly),2026-08-29,2026-09-27,bdjobs.com,https://bdjobs.com/h/details/1526915
Application Support Engineer,Database management; Java; Laravel Framework; MySQL database; Software Development; Software Testing; Testing and debugging; Web Application Development,"At least 4 years The applicants should have experience in the following business area(s): IT Enabled Service, Software Company",Nano Information Technology,"Dhaka, Mymensingh","Bachelor of Science (BSc) in Computer Science & Engineering, Computer Science",FullTime,Office,4,Tk. 20000 - 30000 (Monthly),2026-08-29,2026-09-28,bdjobs.com,https://bdjobs.com/h/details/1526952
Software Engineer,AngularJS; ASP.NET MVC; ASP.NET Web API; MS SQL Server.; Next.js; ReactJS; Mobile App Development; ERP Software,"5 to 10 years The applicants should have experience in the following business area(s): Garments, IT Enabled Service, Software Company",Croydon Kowloon Design Ltd,Dhaka (Mirpur),"Bachelor of Science (BSc) in Computer Science & Engineering, Computer Science",FullTime,Office,3,Negotiable,2026-08-29,2026-09-28,bdjobs.com,https://bdjobs.com/h/details/1526954
Executive (MIS & IT),Communication and interpersonal skill; Computer Literacy; Fluent in English; FMCG Sales; Management Information System; Data analysis; Microsoft Excel; Data Validation,NA,Rapid Agro Industries,Dhaka (Wari),Master of Information & Communication Technology (MICT) in Computer Applications Bachelor of Science (BSc) in Computer Applications We also prefer: MSc in computer science (ICT). BSc in computer Scien,FullTime,Office,1,Negotiable,2026-08-28,2026-09-27,bdjobs.com,https://bdjobs.com/h/details/1526890
CCTV In-charge/ Video Surveillance Operator,Security Management of IT System,1 to 4 years,United Healthcare Services Limited,Anywhere in Bangladesh,"HSC Bachelor of Science (BSc) Minimum HSC , preferably a Diploma/Bachelor’s degree in Security Management, IT, Computer Science, or a related field. Relevant professional training in CCTV operation, s",FullTime,,1,--,2026-08-27,2026-09-26,bdjobs.com,https://bdjobs.com/h/details/1526780
Junior Frontend Developer,Computer Science; Engineering; Information technology; JavaScript; Tailwind CSS; HTML5 & CSS3,At most 1 year The applicants should have experience in the following business area(s): Software Company,Mugnee Multiple Limited,Dhaka (Old Dhaka),Bachelor in Engineering (BEngg),FullTime,Office,12,Tk. 14000 - 15000 (Monthly),2026-08-27,2026-09-26,bdjobs.com,https://bdjobs.com/h/details/1526762
"Officer Grade - 1, IT",Communication; Hardware & Networking; Multitasking; Troubleshooting; Hardware Troubleshooting; IT Procurement; Client Support; CCTV Maintaining; Networking,"2 to 5 years The applicants should have experience in the following business area(s): Banks, Investment/Merchant Banking, Share Brokerage/ Securities House",BD Finance Securities Ltd.,Dhaka (Motijheel),Bachelor of Science (BSc) in CSE/ IT/ EEE Master of Science (MSc) in CSE/ IT/ EEE,FullTime,Office,1,Negotiable,2026-08-27,2026-09-23,bdjobs.com,https://bdjobs.com/h/details/1525636
Senior Executive - Oracle Developer,Oracle APEX; Oracle Database; ORACLE EBS; Oracle Forms; SQL; Technical Support; Business Analysis; SQL Database; Programming; System Integration,"At least 3 years The applicants should have experience in the following business area(s): Group of Companies, IT Enabled Service, Software Company",Akij Venture Group,Dhaka,Bachelor of Science (BSc) in Computer Science & Engineering Master of Science (MSc) in Computer Science & Engineering M.Sc./B.Sc. in Computer Science and Engineering or an equivalent discipline.,FullTime,Office,1,Negotiable,2026-08-27,2026-09-26,bdjobs.com,https://bdjobs.com/h/details/1526647
IT Support Executive,IT Support Service; LAN; WAN; CCNA (Cisco Certified Network Associate); Mikrotik,"At most 4 years The applicants should have experience in the following business area(s): BPO/ Data Entry Firm, Call Center, IT Enabled Service, Software Company, Training Institutes Freshers are also encouraged to apply.",Impel Service & Solutions Limited,Dhaka (Uttara),,FullTime,Office,3,Negotiable,2026-08-27,2026-09-24,bdjobs.com,https://bdjobs.com/h/details/1526229
Sr. Executive - IT,contact center management; SOP Compliance,"1 to 2 years The applicants should have experience in the following business area(s): Software Company, IT Enabled Service, BPO/ Data Entry Firm, Call Center Freshers are also encouraged to apply.",Genex Infosys PLC.,Anywhere in Bangladesh,Bachelor of Science (BSc) in Computer Science & Engineering,FullTime,,1,Negotiable,2026-08-26,2026-09-25,bdjobs.com,https://bdjobs.com/h/details/1526414
Graphics Designer & Video Editor,Graphic Design; Adobe Photoshop; Video Editing; motion graphics; Content Creation,NA,AT Computer Solution Limited,"Dhaka (Mirpur, Shewrapara)",,FullTime,Office,2,Tk. 15000 - 20000 (Monthly),2026-08-26,2026-09-25,bdjobs.com,https://bdjobs.com/h/details/1526411
Software Sales Engineer - Acronis & Enterprise Solutions,Business Communication; Business Development; Business; Product Development; Corporate Communication; industrial solution; Sales & Marketing,"1 to 2 years The applicants should have experience in the following business area(s): Business-to-Business (B2B) Software and Services Startup, Computer Hardware/Network Companies, Consulting Firms, E-commerce, Group of Companies, IT Enabled Service, Jute Goods/ Jute Yarn, Software Company, Trading or Export/Import Freshers are also encouraged to apply.",NGen IT,Dhaka,"Bachelor of Science (BSc) in Computer Science & Engineering, Electrical & Electronic Engineering Bachelor of Business Administration (BBA) in Business Administration",FullTime,"Home,Office",1,--,2026-08-26,2026-09-25,bdjobs.com,https://bdjobs.com/h/details/1524279
Network & AI Surveillance Engineer,Artificial Intelligence Usage; CCTV system; knowledge on security surveillances.; Network Engineering; Network Security; Surveillance System; Switching & Routing; System Integration; VMS; CC TV surveillance; CCTV Maintaining; IT Services; Networking,"2 to 5 years The applicants should have experience in the following business area(s): Artificial Intelligence (AI) Startup, Business-to-Business (B2B) Software and Services Startup, Cellular Phone Operator, Computer Hardware/Network Companies, IT Enabled Service, Software Company, Telecommunication",FinCore Technologies,Dhaka (Baridhara J Block),"Bachelor in Engineering (BEngg) in Computer Science & Engineering (CSE), Electrical & Electronic Engineering (EEE), Electronics & Telecommunication Engineering (ETE)",FullTime,Office,1,Tk. 25000 - 40000 (Monthly),2026-08-25,2026-09-24,bdjobs.com,https://bdjobs.com/h/details/1526225
Manager - Software Development & Technology,.NET; Cloud Platform; ERP Systems; HRIS; HR Database Management; PHP; SDLC; Software Development; MySQL database; PostgreSQL; SQL Server Query,"5 to 8 years The applicants should have experience in the following business area(s): Garments, Textile",Alam Textile & Garments,Dhaka (Elephant Road),"Bachelor of Science (BSc) in Computer Science & Engineering Bachelor's degree in Computer Science, Software Engineering, Information Technology, or a related discipline. A Master's degree will be cons",FullTime,Office,1,Negotiable,2026-08-25,2026-09-24,bdjobs.com,https://bdjobs.com/h/details/1526082
Networking and Firewall - Assistant Manager,Troubleshooting; LAN; WAN; Antivirus and Firewalls; Fiber optic network management,"4 to 5 years The applicants should have experience in the following business area(s): Group of Companies, IT Enabled Service, Software Company, Technical Infrastructure",SIMEC System Ltd.,Dhaka (Uttara),"Bachelor of Science (BSc) in Electrical and Electronics, Computer Science and Engineering",Contract,Office,2,Negotiable,2026-08-25,2026-09-24,bdjobs.com,https://bdjobs.com/h/details/1526057
"Manager / Senior Manager, Customer Support",Customer Service Quality Control; Customer Support; Process Improvement; Quality Assurance; Technical Support IT; Customer Service,"At least 10 years The applicants should have experience in the following business area(s): ISP, IT Enabled Service",BRACNet Limited,Dhaka,"Bachelor of Science (BSc) in Computer Science & Engineering, Electronics and Telecommunication Engineering Master of Business Administration (MBA)",FullTime,Office,1,Negotiable,2026-08-25,2026-09-24,bdjobs.com,https://bdjobs.com/h/details/1525967
IT Officer,Telecom Maintaining; Telecommunication Products & Services; Web Design; IT Services; Troubleshooting,"4 to 8 years The applicants should have experience in the following business area(s): Automobile, Filling Station",Southern Automobiles Limited,Anywhere in Bangladesh,Bachelor of Science (BSc),FullTime,Office,1,Negotiable,2026-08-25,2026-09-24,bdjobs.com,https://bdjobs.com/h/details/1525890
Full Stack Developer,Express (for Node.js); Git and Github; JavaScript; Next.js; Node and TypeScript; PostgreSQL; React.jsVue Js; REST API; TypeScript; React.js; Node.js; Express.js,"At least 1 year The applicants should have experience in the following business area(s): Business-to-Business (B2B) Software and Services Startup, Developer, IT Enabled Service, Software Company Freshers are also encouraged to apply.",Offshore Staffing Solution,Dhaka (Savar),Diploma in Computer HSC A Level,FullTime,Office,1,Negotiable,2026-08-25,2026-09-23,bdjobs.com,https://bdjobs.com/h/details/1525846
Outbound Outreach Officer,Artificial intelligence (AI); Data Collection; Data processing; Direct Selling; Market Research Firms; SEO and Digital Marketing; Artificial Intelligence Usage; Copywriting; Data analysis; Lead Generation; CRM Management; Email campaign,"At least 1 year The applicants should have experience in the following business area(s): Advertising Agency, Advertising Technology (AdTech) Startup, Artificial Intelligence (AI) Startup, Business-to-Business (B2B) Software and Services Startup, Direct Selling/Marketing Service Company, IT Enabled Service, Market Research Firms Freshers are also encouraged to apply.",Originate Marketing,Dhaka (Shewrapara),"Bachelor of Science (BSc) in Computer Science, Computer Science & Engineering, Information Technology, Computing & Information System",FullTime,Office,3,Tk. 16000 - 20000 (Monthly),2026-08-25,2026-09-23,bdjobs.com,https://bdjobs.com/h/details/1525601
Digital Marketing Executive,Adobe Photoshop; Canva; Content writing; Facebook marketing; Google Ads; Graphic Design; Lead Generation; Market Research; MS Office; Social Media Management; Digital Marketing (Social Media Marketing),"2 to 5 years The applicants should have experience in the following business area(s): Architecture Firm, Interior Design, Advertising Agency, Developer",Re or De,Dhaka,Bachelor of Science (BSc) in Computer Science Diploma in Computer,FullTime,,2,Tk. 20000 - 25000 (Monthly),2026-08-25,2026-09-24,bdjobs.com,https://bdjobs.com/h/details/1525874
Executive-MIS,Business Analysis; Data Visualization; Quality Management; Data analysis; Quality Management System; Reporting and Documentation,"At least 5 years The applicants should have experience in the following business area(s): Garments, Group of Companies, Textile",Blue Planet Group,Gazipur,Bachelor of Science (Pass) in Statistics,FullTime,Office,1,Tk. 30000 - 50000 (Monthly),2026-08-24,2026-09-23,bdjobs.com,https://bdjobs.com/h/details/1525804
Engineer- Regional Operations,Field Operation; Network Engineering; Fiber splicing; Telecommunication; Troubleshooting; Fiber optic network management,"1 to 2 years The applicants should have experience in the following business area(s): ISP, Telecommunication Freshers are also encouraged to apply.",Fiber @ Home Ltd.,"Chattogram, Gazipur, Mymensingh","Bachelor of Science (BSc) in Electrical & Electronic Engineering, Electronics and Telecommunication Engineering, Communication Engineering, Computer Science & Engineering",FullTime,Office,3,Negotiable,2026-08-24,2026-09-23,bdjobs.com,https://bdjobs.com/h/details/1525796
Executive - IT,IT Asset Management; Stakeholder Relationship; Technical Support; IT Services; Software Troubleshooting; CyberSecurity,"1 to 3 years The applicants should have experience in the following business area(s): Advertising Technology (AdTech) Startup, BPO/ Data Entry Firm, E-commerce Startup, Healthcare Startup, IT Enabled Service, Software Company",SEBPO,Dhaka,"Bachelor of Science (BSc) in Computer Science, Electrical & Electronic Engineering, Telecommunication, Information Technology",FullTime,Office,3,Negotiable,2026-08-24,2026-09-23,bdjobs.com,https://bdjobs.com/h/details/1525769
Business Analyst / Business Development Specialist,Business Analysis; Technical Documentation; Stakeholder Management,2 to 6 years The applicants should have experience in the following business area(s): Software Company Freshers are also encouraged to apply.,Mysoftheaven (BD) Ltd.,Dhaka (Shewrapara),"Bachelor of Science (BSc) in Computer Science, Electrical & Electronic Engineering Bachelor of Business Administration (BBA) in Business Studies",FullTime,Office,3,Negotiable,2026-08-24,2026-09-23,bdjobs.com,https://bdjobs.com/h/details/1525576
IT Executive,Hardware Troubleshooting; Hardware; Software Troubleshooting; Network Administration; Network Monitoring,"1 to 3 years The applicants should have experience in the following business area(s): University, College, School Freshers are also encouraged to apply.",Cambrian Education Group,Dhaka (Uttara Sector 9),"Bachelor of Computer Application (BCA) Bachelor’s degree in Computer Science, Computer Science & Engineering (CSE), Information Technology (IT), or a related field from a recognized university.",FullTime,Office,1,Negotiable,2026-08-24,2026-09-23,bdjobs.com,https://bdjobs.com/h/details/1525497
UI UX Designer,UI; UX Design; HTML5 & CSS3; visual designer,4 to 5 years,Betopia Group,Dhaka (Mohakhali),"Bachelor’s Degree in design, Human-Computer Interaction, Information Architecture, or a related discipline.",FullTime,Office,3,Negotiable,2026-08-24,2026-09-23,bdjobs.com,https://bdjobs.com/h/details/1525472
Technical Lead,TypeScript; JavaScript; Software Architect; RESTful API; GraphQL,5 to 7 years,Betopia Group,Dhaka (Mohakhali),"Bachelor’s Degree in computer science, Software Engineering, Information Technology, or a related technical field.",FullTime,Office,2,Negotiable,2026-08-24,2026-09-23,bdjobs.com,https://bdjobs.com/h/details/1525455
"Assistant Engineer / Engineer, Customer Support",FTTX technology; Networking and communication; Router configuration; Technical Troubleshooting; Troubleshooting; Customer Relationship; NOC,At most 3 years The applicants should have experience in the following business area(s): ISP Freshers are also encouraged to apply.,Triangle Services Limited,Dhaka,"Bachelor of Science (BSc) in Computer Science & Engineering, Electronics and Telecommunication Engineering, Electrical & Electronic Engineering Any of the following would be an advantage: Cisco CCNA, ",FullTime,Office,1,Negotiable,2026-08-24,2026-09-23,bdjobs.com,https://bdjobs.com/h/details/1525377
AI Engineer,Deep learning; Generative AI; JavaScript; Machine Learning; Python; SaaS; TypeScript,"At least 3 years The applicants should have experience in the following business area(s): Software Company, IT Enabled Service, Artificial Intelligence (AI) Startup",BYSL Global Technology Group,Dhaka (Gulshan),,FullTime,,1,--,2026-08-24,2026-09-23,bdjobs.com,https://bdjobs.com/h/details/1525412
System Analyst (SA),System Analyst; System Architecture; Cloud Computing,4 to 5 years,Betopia Group,Dhaka (Mohakhali),"Bachelor’s degree in computer science, Software Engineering, Information Technology, or a related technical discipline.",FullTime,Office,2,Negotiable,2026-08-24,2026-09-23,bdjobs.com,https://bdjobs.com/h/details/1525450
Technical Project Manager,APIs; Artificial intelligence (AI); Automation; Project Management; SaaS; Software Development,"At least 8 years The applicants should have experience in the following business area(s): Software Company, IT Enabled Service",BYSL Global Technology Group,Dhaka (Gulshan),BSC in Computer Science (also Certified Project Manager or similar certification will be a strong plus).,FullTime,,1,--,2026-08-24,2026-09-23,bdjobs.com,https://bdjobs.com/h/details/1525415
Senior Software Architect,ERP Systems; GraphQL; JavaScript; JavaScript framework; RESTful API; System Architecture; UML,"At least 5 years The applicants should have experience in the following business area(s): Software Company, IT Enabled Service",BYSL Global Technology Group,Dhaka (Gulshan),Bachelor of Science (BSc) in Computer Science Bachelor of Science (BSc) in Computer Science & Engineering Bachelor’s degree in Computer Science / Computer Engineering,FullTime,,1,--,2026-08-24,2026-09-23,bdjobs.com,https://bdjobs.com/h/details/1525420
Quality Assurance (QA),RESTful API; Quality Control; Software QA,4 to 5 years,Betopia Group,Dhaka (Mohakhali),"Bachelor of Science (BSc) in Computer Science & Engineering Bachelor’s degree in computer science, Software Engineering, Information Technology, or a related discipline.",FullTime,Office,1,Negotiable,2026-08-24,2026-09-23,bdjobs.com,https://bdjobs.com/h/details/1525443
IT Manager,Installation; Erection; ERP software; Networking,At least 5 years,InnStar Ltd,Dhaka,Bachelor of Computer Application (BCA),FullTime,Office,1,Negotiable,2026-08-24,2026-09-23,bdjobs.com,https://bdjobs.com/h/details/1525413
Mobile Application Developer,Mobile Application Design; Software Testing,4 to 5 years,Betopia Group,Dhaka (Mohakhali),"Bachelor of Science (BSc) in Computer Science Bachelor of Science (BSc) in Information Technology Bachelor's degree in computer science, Software Engineering, Information Technology, or related techni",FullTime,Office,4,Negotiable,2026-08-24,2026-09-23,bdjobs.com,https://bdjobs.com/h/details/1525404
Frontend Developer - React/Next,Angular; Frontend Development (Web); Next.js; React; React.js; Restful Web API,4 to 5 years,Betopia Group,Dhaka (Mohakhali),"Bachelor of Science (BSc) in Computer Science Bachelor’s degree in computer science, Software Engineering, Information Technology, or a related field.",FullTime,Office,2,Negotiable,2026-08-24,2026-09-23,bdjobs.com,https://bdjobs.com/h/details/1525390
DevOps Engineer,Cloud Security; Amazon Web Services; docker; Microsoft Azure; DevOps,4 to 5 years The applicants should have experience in the following business area(s): IT Enabled Service,Betopia Group,Dhaka (Mohakhali),"Bachelor of Science (BSc) in Computer Science Bachelor’s degree in computer science, Software Engineering, Information Technology, or a related technical discipline.",FullTime,Office,2,Negotiable,2026-08-24,2026-09-23,bdjobs.com,https://bdjobs.com/h/details/1525388
Business Analyst,Data analysis; Gap Analysis; Stakeholder Management; Data Visualization,4 to 5 years The applicants should have experience in the following business area(s): Group of Companies,Betopia Group,Dhaka (Mohakhali),"Bachelor of Business Administration (BBA) Bachelor of Business Studies (BBS) Bachelor’s degree in business administration, Computer Science, Information Systems, or a related field.",FullTime,Office,3,Negotiable,2026-08-24,2026-09-23,bdjobs.com,https://bdjobs.com/h/details/1525384
Backend Developer - Laravel,Backend Development; Laravel; PHP; RESTful APIs; MySQL; Technical Troubleshooting,5 to 6 years The applicants should have experience in the following business area(s): IT Enabled Service,Betopia Group,Dhaka (Mohakhali),"Bachelor of Science (BSc) in Computer Science Bachelor’s degree in Computer Science, Software Engineering, Information Technology, or a related field.",FullTime,Office,2,Negotiable,2026-08-24,2026-09-23,bdjobs.com,https://bdjobs.com/h/details/1525376
Executive/Sr. Executive - Automation,Automation; ERP Systems; Software Development; ERP Implementation; Business Process Development; Technical Support,"4 to 6 years The applicants should have experience in the following business area(s): Garments, Group of Companies, Textile",Blue Planet Group,Gazipur,Bachelor of Science (BSc) in Computer Science & Engineering,FullTime,Office,4,Negotiable,2026-08-24,2026-09-23,bdjobs.com,https://bdjobs.com/h/details/1525517
Executive – Sales & Marketing (IT Solution),Sales & Marketing; Technical Sales; IT Marketing,"1 to 2 years The applicants should have experience in the following business area(s): Computer Hardware/Network Companies, Group of Companies, IT Enabled Service, Multinational Companies, Telecommunication",GLOBAL INFORMATICS LTD.,Anywhere in Bangladesh,"Bachelor of Science (BSc) in Computer Science & Engineering, Computing & Information System Bachelor of Business Administration (BBA) in Business Administration Bachelor of Business Studies (BBS) in B",FullTime,Office,2,Tk. 15000 - 25000 (Monthly),2026-08-24,2026-09-23,bdjobs.com,https://bdjobs.com/h/details/1497882
Technical Team Lead - Backend Engineering (Node.js),ChatGPT; JavaScript; Next.js; Node.js; PostgreSQL,At least 7 years The applicants should have experience in the following business area(s): IT Enabled Service,Technovicinity Limited,Dhaka (Kalabagan),Bachelor of Science (BSc) in Computer Science & Engineering B.Sc. in Computer Science & Engineering or a related discipline.,FullTime,,1,--,2026-08-03,2026-10-07,bdjobs.com,https://bdjobs.com/h/details/1517387
Business Analyst (Technology Consulting & Software Solutions),ChatGPT; CRM; ERP Software; HRM; SaaS,2 to 5 years The applicants should have experience in the following business area(s): IT Enabled Service,Technovicinity Limited,Dhaka (Kalabagan),"Bachelor of Science (BSc) in Computer Science & Engineering Bachelor`s Degree in Computer Science & Engineering (CSE), Software Engineering, Information Technology, or a related discipline.",FullTime,Office,1,Negotiable,2026-08-03,2026-10-07,bdjobs.com,https://bdjobs.com/h/details/1517374
Senior Full Stack Developer (Remote),Woocommerce; RESTful APIs; AngularJS,At least 5 years The applicants should have experience in the following business area(s): Software Company,US-Based AgTech Software Company,Anywhere in Bangladesh,,Contract,Home,1,--,2026-07-22,2026-09-30,bdjobs.com,https://bdjobs.com/h/details/1513029
